"local_electoral","fecha_recepcion_trep","codigo_candidatura","numero_mesa","numero_lista","total_votos","total_votantes","tiempo_estimado_hora"
"5_17_0_501","2023-04-30 16:48:39.136",1,1,1,131,301,15
"5_17_0_501","2023-04-30 16:48:39.136",1,1,3,36,301,15
"5_17_0_501","2023-04-30 16:48:39.136",1,1,911,116,301,15
"0_0_3_27","2023-04-30 16:49:58.675",1,20,1,175,310,15
"0_0_3_27","2023-04-30 16:49:58.675",1,20,3,62,310,15
"0_0_3_27","2023-04-30 16:49:58.675",1,20,911,61,310,15
"0_0_3_13","2023-04-30 16:51:10.797",1,5,3,56,301,15
"0_0_3_13","2023-04-30 16:51:10.797",1,5,911,53,301,15
"0_0_3_13","2023-04-30 16:51:10.797",1,5,1,169,301,15
"0_0_3_27","2023-04-30 16:57:27.624",1,25,3,67,317,15
"0_0_3_27","2023-04-30 16:57:27.624",1,25,911,64,317,15
"0_0_3_27","2023-04-30 16:57:27.624",1,25,1,166,317,15
"0_0_1_3","2023-04-30 16:58:32.866",1,12,911,49,306,15
"0_0_1_3","2023-04-30 16:58:32.866",1,12,3,60,306,15
"0_0_1_3","2023-04-30 16:58:32.866",1,12,1,176,306,15
"0_0_5_5","2023-04-30 17:03:11.583",1,5,911,48,308,15
"0_0_5_5","2023-04-30 17:03:11.583",1,5,1,170,308,15
"0_0_5_5","2023-04-30 17:03:11.583",1,5,3,66,308,15
"0_0_1_7","2023-04-30 17:03:16.957",1,2,911,45,307,15
"0_0_1_7","2023-04-30 17:03:16.957",1,2,3,77,307,15
"0_0_1_7","2023-04-30 17:03:16.957",1,2,1,161,307,15
"0_0_3_27","2023-04-30 17:03:37.795",1,16,1,166,304,15
"0_0_3_27","2023-04-30 17:03:37.795",1,16,3,56,304,15
"0_0_3_27","2023-04-30 17:03:37.795",1,16,911,69,304,15
"0_0_3_27","2023-04-30 17:06:05.489",1,1,3,68,310,15
"0_0_3_27","2023-04-30 17:06:05.489",1,1,1,162,310,15
"0_0_3_27","2023-04-30 17:06:05.489",1,1,911,55,310,15
"5_15_0_2","2023-04-30 17:06:31.167",1,1,1,38,302,15
"5_15_0_2","2023-04-30 17:06:31.167",1,1,3,246,302,15
"5_15_0_2","2023-04-30 17:06:31.167",1,1,911,16,302,15
"0_0_5_6","2023-04-30 17:06:33.477",1,1,1,159,306,15
"0_0_5_6","2023-04-30 17:06:33.477",1,1,911,62,306,15
"0_0_5_6","2023-04-30 17:06:33.477",1,1,3,57,306,15
"0_0_3_31","2023-04-30 17:07:29.59",1,12,911,47,304,15
"0_0_3_31","2023-04-30 17:07:29.59",1,12,1,177,304,15
"0_0_3_31","2023-04-30 17:07:29.59",1,12,3,60,304,15
"12_0_0_1","2023-04-30 17:09:42.029",1,7,911,51,301,15
"12_0_0_1","2023-04-30 17:09:42.029",1,7,1,162,301,15
"12_0_0_1","2023-04-30 17:09:42.029",1,7,3,72,301,15
"0_0_3_14","2023-04-30 17:10:00.359",1,8,3,75,311,15
"0_0_3_14","2023-04-30 17:10:00.359",1,8,1,149,311,15
"0_0_3_14","2023-04-30 17:10:00.359",1,8,911,62,311,15
"0_0_1_2","2023-04-30 17:10:23.569",1,13,1,164,302,15
"0_0_1_2","2023-04-30 17:10:23.569",1,13,3,59,302,15
"0_0_1_2","2023-04-30 17:10:23.569",1,13,911,44,302,15
"0_0_1_20","2023-04-30 17:10:38.383",1,5,911,39,303,15
"0_0_1_20","2023-04-30 17:10:38.383",1,5,3,92,303,15
"0_0_1_20","2023-04-30 17:10:38.383",1,5,1,135,303,15
"0_0_5_16","2023-04-30 17:10:48.137",1,7,3,77,302,15
"0_0_5_16","2023-04-30 17:10:48.137",1,7,911,34,302,15
"0_0_5_16","2023-04-30 17:10:48.137",1,7,1,162,302,15
"0_0_1_20","2023-04-30 17:11:07.345",1,3,911,26,305,15
"0_0_1_20","2023-04-30 17:11:07.345",1,3,1,154,305,15
"0_0_1_20","2023-04-30 17:11:07.345",1,3,3,98,305,15
"3_21_0_1","2023-04-30 17:11:16.248",1,7,911,31,305,15
"3_21_0_1","2023-04-30 17:11:16.248",1,7,1,167,305,15
"3_21_0_1","2023-04-30 17:11:16.248",1,7,3,99,305,15
"0_0_5_13","2023-04-30 17:11:32.78",1,5,911,42,347,17
"0_0_5_13","2023-04-30 17:11:32.78",1,5,3,89,347,17
"0_0_5_13","2023-04-30 17:11:32.78",1,5,1,195,347,17
"0_0_5_5","2023-04-30 17:14:46.766",1,2,911,57,303,15
"0_0_5_5","2023-04-30 17:14:46.766",1,2,3,69,303,15
"0_0_5_5","2023-04-30 17:14:46.766",1,2,1,157,303,15
"0_0_4_4","2023-04-30 17:15:38.674",1,1,1,147,312,15
"0_0_4_4","2023-04-30 17:15:38.674",1,1,3,115,312,15
"0_0_4_4","2023-04-30 17:15:38.674",1,1,911,22,312,15
"0_0_5_24","2023-04-30 17:15:59.136",1,1,1,116,302,15
"0_0_5_24","2023-04-30 17:15:59.136",1,1,3,83,302,15
"0_0_5_24","2023-04-30 17:15:59.136",1,1,911,66,302,15
"3_21_0_1","2023-04-30 17:16:23.431",1,8,911,34,317,15
"3_21_0_1","2023-04-30 17:16:23.431",1,8,3,106,317,15
"3_21_0_1","2023-04-30 17:16:23.431",1,8,1,164,317,15
"3_21_0_1","2023-04-30 17:16:52.324",1,1,911,35,301,15
"3_21_0_1","2023-04-30 17:16:52.324",1,1,3,107,301,15
"3_21_0_1","2023-04-30 17:16:52.324",1,1,1,145,301,15
"0_0_5_28","2023-04-30 17:17:17.83",1,15,3,78,303,15
"0_0_5_28","2023-04-30 17:17:17.83",1,15,1,167,303,15
"0_0_5_28","2023-04-30 17:17:17.83",1,15,911,43,303,15
"0_0_4_4","2023-04-30 17:17:18.392",1,12,911,20,311,15
"0_0_4_4","2023-04-30 17:17:18.392",1,12,1,159,311,15
"0_0_4_4","2023-04-30 17:17:18.392",1,12,3,102,311,15
"0_0_3_7","2023-04-30 17:18:03.047",1,7,911,59,304,15
"0_0_3_7","2023-04-30 17:18:03.047",1,7,1,182,304,15
"0_0_3_7","2023-04-30 17:18:03.047",1,7,3,44,304,15
"5_19_0_1","2023-04-30 17:19:18.9",1,4,911,13,309,15
"5_19_0_1","2023-04-30 17:19:18.9",1,4,3,129,309,15
"5_19_0_1","2023-04-30 17:19:18.9",1,4,1,161,309,15
"11_31_0_501","2023-04-30 17:19:52.489",1,7,1,152,307,15
"11_31_0_501","2023-04-30 17:19:52.489",1,7,911,60,307,15
"11_31_0_501","2023-04-30 17:19:52.489",1,7,3,78,307,15
"0_0_3_8","2023-04-30 17:20:21.453",1,4,3,87,301,15
"0_0_3_8","2023-04-30 17:20:21.453",1,4,911,39,301,15
"0_0_3_8","2023-04-30 17:20:21.453",1,4,1,154,301,15
"0_0_3_31","2023-04-30 17:20:26.732",1,2,3,75,317,15
"0_0_3_31","2023-04-30 17:20:26.732",1,2,1,176,317,15
"0_0_3_31","2023-04-30 17:20:26.732",1,2,911,47,317,15
"0_0_5_5","2023-04-30 17:20:39.691",1,1,911,57,311,15
"0_0_5_5","2023-04-30 17:20:39.691",1,1,1,167,311,15
"0_0_5_5","2023-04-30 17:20:39.691",1,1,3,64,311,15
"0_0_3_27","2023-04-30 17:21:10.437",1,9,911,57,308,15
"0_0_3_27","2023-04-30 17:21:10.437",1,9,1,156,308,15
"0_0_3_27","2023-04-30 17:21:10.437",1,9,3,73,308,15
"0_0_5_20","2023-04-30 17:21:12.996",1,5,911,60,306,15
"0_0_5_20","2023-04-30 17:21:12.996",1,5,1,166,306,15
"0_0_5_20","2023-04-30 17:21:12.996",1,5,3,64,306,15
"0_0_3_23","2023-04-30 17:21:33.349",1,4,1,175,301,15
"0_0_3_23","2023-04-30 17:21:33.349",1,4,911,37,301,15
"0_0_3_23","2023-04-30 17:21:33.349",1,4,3,67,301,15
"0_0_5_6","2023-04-30 17:22:18.525",1,4,3,48,307,15
"0_0_5_6","2023-04-30 17:22:18.525",1,4,911,61,307,15
"0_0_5_6","2023-04-30 17:22:18.525",1,4,1,175,307,15
"0_0_3_27","2023-04-30 17:22:48.193",1,11,911,72,314,15
"0_0_3_27","2023-04-30 17:22:48.193",1,11,3,52,314,15
"0_0_3_27","2023-04-30 17:22:48.193",1,11,1,165,314,15
"0_0_1_15","2023-04-30 17:23:15.759",1,2,3,73,303,15
"0_0_1_15","2023-04-30 17:23:15.759",1,2,911,34,303,15
"0_0_1_15","2023-04-30 17:23:15.759",1,2,1,176,303,15
"0_0_3_7","2023-04-30 17:24:35.064",1,3,3,42,312,15
"0_0_3_7","2023-04-30 17:24:35.064",1,3,1,202,312,15
"0_0_3_7","2023-04-30 17:24:35.064",1,3,911,45,312,15
"0_0_4_4","2023-04-30 17:24:53.055",1,13,911,33,305,15
"0_0_4_4","2023-04-30 17:24:53.055",1,13,1,156,305,15
"0_0_4_4","2023-04-30 17:24:53.055",1,13,3,87,305,15
"0_0_5_25","2023-04-30 17:25:09.846",1,6,3,50,317,15
"0_0_5_25","2023-04-30 17:25:09.846",1,6,1,193,317,15
"0_0_5_25","2023-04-30 17:25:09.846",1,6,911,55,317,15
"0_0_4_12","2023-04-30 17:25:11.194",1,4,1,178,301,15
"0_0_4_12","2023-04-30 17:25:11.194",1,4,3,74,301,15
"0_0_4_12","2023-04-30 17:25:11.194",1,4,911,32,301,15
"0_0_5_18","2023-04-30 17:25:25.336",1,8,1,154,312,15
"0_0_5_18","2023-04-30 17:25:25.336",1,8,3,89,312,15
"0_0_5_18","2023-04-30 17:25:25.336",1,8,911,46,312,15
"0_0_5_28","2023-04-30 17:25:33.018",1,12,911,48,310,15
"0_0_5_28","2023-04-30 17:25:33.018",1,12,3,93,310,15
"0_0_5_28","2023-04-30 17:25:33.018",1,12,1,150,310,15
"0_0_3_27","2023-04-30 17:25:34.568",1,4,1,139,304,15
"0_0_3_27","2023-04-30 17:25:34.568",1,4,3,73,304,15
"0_0_3_27","2023-04-30 17:25:34.568",1,4,911,73,304,15
"0_0_4_31","2023-04-30 17:25:58.447",1,8,3,76,305,15
"0_0_4_31","2023-04-30 17:25:58.447",1,8,911,17,305,15
"0_0_4_31","2023-04-30 17:25:58.447",1,8,1,183,305,15
"0_0_5_28","2023-04-30 17:26:10.368",1,4,911,38,305,15
"0_0_5_28","2023-04-30 17:26:10.368",1,4,1,167,305,15
"0_0_5_28","2023-04-30 17:26:10.368",1,4,3,81,305,15
"0_0_6_4","2023-04-30 17:26:19.614",1,2,911,57,302,15
"0_0_6_4","2023-04-30 17:26:19.614",1,2,3,69,302,15
"0_0_6_4","2023-04-30 17:26:19.614",1,2,1,158,302,15
"0_0_3_27","2023-04-30 17:27:22.724",1,18,3,65,312,15
"0_0_3_27","2023-04-30 17:27:22.724",1,18,1,158,312,15
"0_0_3_27","2023-04-30 17:27:22.724",1,18,911,65,312,15
"0_0_1_11","2023-04-30 17:27:25.061",1,5,3,108,301,15
"0_0_1_11","2023-04-30 17:27:25.061",1,5,911,42,301,15
"0_0_1_11","2023-04-30 17:27:25.061",1,5,1,129,301,15
"0_0_3_23","2023-04-30 17:27:48.353",1,6,911,34,310,15
"0_0_3_23","2023-04-30 17:27:48.353",1,6,1,166,310,15
"0_0_3_23","2023-04-30 17:27:48.353",1,6,3,86,310,15
"0_0_5_10","2023-04-30 17:28:04.807",1,1,1,180,306,15
"0_0_5_10","2023-04-30 17:28:04.807",1,1,911,11,306,15
"0_0_5_10","2023-04-30 17:28:04.807",1,1,3,92,306,15
"11_31_0_501","2023-04-30 17:28:09.655",1,4,911,67,303,15
"11_31_0_501","2023-04-30 17:28:09.655",1,4,1,135,303,15
"11_31_0_501","2023-04-30 17:28:09.655",1,4,3,84,303,15
"0_0_5_33","2023-04-30 17:28:10.617",1,2,911,25,301,15
"0_0_5_33","2023-04-30 17:28:10.617",1,2,3,73,301,15
"0_0_5_33","2023-04-30 17:28:10.617",1,2,1,178,301,15
"0_0_1_23","2023-04-30 17:28:44.316",1,3,3,70,302,15
"0_0_1_23","2023-04-30 17:28:44.316",1,3,911,48,302,15
"0_0_1_23","2023-04-30 17:28:44.316",1,3,1,167,302,15
"0_0_1_2","2023-04-30 17:29:05.897",1,9,911,46,302,15
"0_0_1_2","2023-04-30 17:29:05.897",1,9,1,146,302,15
"0_0_1_2","2023-04-30 17:29:05.897",1,9,3,77,302,15
"0_0_2_6","2023-04-30 17:29:06.703",1,2,911,30,304,15
"0_0_2_6","2023-04-30 17:29:06.703",1,2,1,158,304,15
"0_0_2_6","2023-04-30 17:29:06.703",1,2,3,84,304,15
"0_0_1_2","2023-04-30 17:30:18.837",1,14,1,159,305,15
"0_0_1_2","2023-04-30 17:30:18.837",1,14,3,92,305,15
"0_0_1_2","2023-04-30 17:30:18.837",1,14,911,32,305,15
"0_0_5_18","2023-04-30 17:31:16.827",1,1,1,171,303,15
"0_0_5_18","2023-04-30 17:31:16.827",1,1,911,24,303,15
"0_0_5_18","2023-04-30 17:31:16.827",1,1,3,84,303,15
"12_0_0_1","2023-04-30 17:32:21.748",1,8,1,177,304,15
"12_0_0_1","2023-04-30 17:32:21.748",1,8,911,37,304,15
"12_0_0_1","2023-04-30 17:32:21.748",1,8,3,71,304,15
"0_0_1_1","2023-04-30 17:32:29.733",1,7,911,55,312,15
"0_0_1_1","2023-04-30 17:32:29.733",1,7,3,72,312,15
"0_0_1_1","2023-04-30 17:32:29.733",1,7,1,167,312,15
"3_7_0_3","2023-04-30 17:32:34.651",1,8,911,34,303,15
"3_7_0_3","2023-04-30 17:32:34.651",1,8,3,133,303,15
"3_7_0_3","2023-04-30 17:32:34.651",1,8,1,129,303,15
"3_27_0_503","2023-04-30 17:33:04.244",1,2,3,62,308,15
"3_27_0_503","2023-04-30 17:33:04.244",1,2,1,197,308,15
"3_27_0_503","2023-04-30 17:33:04.244",1,2,911,31,308,15
"0_0_1_2","2023-04-30 17:33:40.355",1,6,911,51,311,15
"0_0_1_2","2023-04-30 17:33:40.355",1,6,1,153,311,15
"0_0_1_2","2023-04-30 17:33:40.355",1,6,3,87,311,15
"0_0_3_11","2023-04-30 17:33:52.119",1,2,911,28,303,15
"0_0_3_11","2023-04-30 17:33:52.119",1,2,1,145,303,15
"0_0_3_11","2023-04-30 17:33:52.119",1,2,3,109,303,15
"0_0_1_3","2023-04-30 17:34:12.192",1,5,1,165,311,15
"0_0_1_3","2023-04-30 17:34:12.192",1,5,3,60,311,15
"0_0_1_3","2023-04-30 17:34:12.192",1,5,911,57,311,15
"0_0_3_14","2023-04-30 17:34:20.102",1,7,911,48,309,15
"0_0_3_14","2023-04-30 17:34:20.102",1,7,3,79,309,15
"0_0_3_14","2023-04-30 17:34:20.102",1,7,1,150,309,15
"0_0_3_31","2023-04-30 17:34:22.869",1,9,3,59,303,15
"0_0_3_31","2023-04-30 17:34:22.869",1,9,911,58,303,15
"0_0_3_31","2023-04-30 17:34:22.869",1,9,1,167,303,15
"0_0_3_4","2023-04-30 17:34:32.046",1,6,911,51,315,15
"0_0_3_4","2023-04-30 17:34:32.046",1,6,1,174,315,15
"0_0_3_4","2023-04-30 17:34:32.046",1,6,3,69,315,15
"0_0_5_39","2023-04-30 17:34:54.646",1,1,911,52,305,15
"0_0_5_39","2023-04-30 17:34:54.646",1,1,3,65,305,15
"0_0_5_39","2023-04-30 17:34:54.646",1,1,1,164,305,15
"0_0_5_28","2023-04-30 17:34:56.355",1,5,911,44,314,15
"0_0_5_28","2023-04-30 17:34:56.355",1,5,3,81,314,15
"0_0_5_28","2023-04-30 17:34:56.355",1,5,1,166,314,15
"3_21_0_1","2023-04-30 17:35:19.866",1,2,1,138,306,15
"3_21_0_1","2023-04-30 17:35:19.866",1,2,911,40,306,15
"3_21_0_1","2023-04-30 17:35:19.866",1,2,3,116,306,15
"0_0_3_13","2023-04-30 17:35:25.13",1,2,911,45,302,15
"0_0_3_13","2023-04-30 17:35:25.13",1,2,3,54,302,15
"0_0_3_13","2023-04-30 17:35:25.13",1,2,1,181,302,15
"0_0_3_23","2023-04-30 17:35:41.843",1,3,1,181,314,15
"0_0_3_23","2023-04-30 17:35:41.843",1,3,911,40,314,15
"0_0_3_23","2023-04-30 17:35:41.843",1,3,3,72,314,15
"0_0_6_4","2023-04-30 17:36:00.881",1,9,911,62,323,16
"0_0_6_4","2023-04-30 17:36:00.881",1,9,1,162,323,16
"0_0_6_4","2023-04-30 17:36:00.881",1,9,3,79,323,16
"0_0_5_23","2023-04-30 17:36:19.364",1,6,3,86,303,15
"0_0_5_23","2023-04-30 17:36:19.364",1,6,1,116,303,15
"0_0_5_23","2023-04-30 17:36:19.364",1,6,911,81,303,15
"0_0_5_2","2023-04-30 17:36:33.407",1,4,1,162,306,15
"0_0_5_2","2023-04-30 17:36:33.407",1,4,3,80,306,15
"0_0_5_2","2023-04-30 17:36:33.407",1,4,911,34,306,15
"0_0_6_4","2023-04-30 17:36:42.285",1,1,911,69,301,15
"0_0_6_4","2023-04-30 17:36:42.285",1,1,1,165,301,15
"0_0_6_4","2023-04-30 17:36:42.285",1,1,3,53,301,15
"0_0_3_30","2023-04-30 17:36:52.922",1,10,911,38,307,15
"0_0_3_30","2023-04-30 17:36:52.922",1,10,3,68,307,15
"0_0_3_30","2023-04-30 17:36:52.922",1,10,1,178,307,15
"0_0_3_14","2023-04-30 17:37:23.703",1,4,3,74,302,15
"0_0_3_14","2023-04-30 17:37:23.703",1,4,911,46,302,15
"0_0_3_14","2023-04-30 17:37:23.703",1,4,1,140,302,15
"3_21_0_1","2023-04-30 17:37:41.228",1,11,1,171,327,16
"3_21_0_1","2023-04-30 17:37:41.228",1,11,911,26,327,16
"3_21_0_1","2023-04-30 17:37:41.228",1,11,3,117,327,16
"0_0_3_23","2023-04-30 17:37:42.858",1,2,3,54,310,15
"0_0_3_23","2023-04-30 17:37:42.858",1,2,1,184,310,15
"0_0_3_23","2023-04-30 17:37:42.858",1,2,911,42,310,15
"0_0_5_28","2023-04-30 17:37:48.567",1,3,911,38,307,15
"0_0_5_28","2023-04-30 17:37:48.567",1,3,3,74,307,15
"0_0_5_28","2023-04-30 17:37:48.567",1,3,1,183,307,15
"0_0_4_8","2023-04-30 17:38:03.256",1,2,911,24,303,15
"0_0_4_8","2023-04-30 17:38:03.256",1,2,3,88,303,15
"0_0_4_8","2023-04-30 17:38:03.256",1,2,1,174,303,15
"0_0_5_5","2023-04-30 17:38:19.138",1,4,911,57,306,15
"0_0_5_5","2023-04-30 17:38:19.138",1,4,1,176,306,15
"0_0_5_5","2023-04-30 17:38:19.138",1,4,3,55,306,15
"3_17_0_2","2023-04-30 17:38:28.225",1,1,3,106,304,15
"3_17_0_2","2023-04-30 17:38:28.225",1,1,1,148,304,15
"3_17_0_2","2023-04-30 17:38:28.225",1,1,911,30,304,15
"4_30_0_1","2023-04-30 17:38:44.837",1,5,911,80,307,15
"4_30_0_1","2023-04-30 17:38:44.837",1,5,1,144,307,15
"4_30_0_1","2023-04-30 17:38:44.837",1,5,3,69,307,15
"0_0_4_22","2023-04-30 17:38:51.272",1,1,1,168,304,15
"0_0_4_22","2023-04-30 17:38:51.272",1,1,3,83,304,15
"0_0_4_22","2023-04-30 17:38:51.272",1,1,911,29,304,15
"0_0_5_16","2023-04-30 17:38:56.994",1,5,911,36,309,15
"0_0_5_16","2023-04-30 17:38:56.994",1,5,1,169,309,15
"0_0_5_16","2023-04-30 17:38:56.994",1,5,3,78,309,15
"0_0_4_31","2023-04-30 17:39:04.884",1,6,1,195,306,15
"0_0_4_31","2023-04-30 17:39:04.884",1,6,911,30,306,15
"0_0_4_31","2023-04-30 17:39:04.884",1,6,3,63,306,15
"0_0_1_9","2023-04-30 17:39:18.251",1,4,911,62,307,15
"0_0_1_9","2023-04-30 17:39:18.251",1,4,3,84,307,15
"0_0_1_9","2023-04-30 17:39:18.251",1,4,1,148,307,15
"0_0_5_39","2023-04-30 17:39:43.445",1,3,1,154,303,15
"0_0_5_39","2023-04-30 17:39:43.445",1,3,911,65,303,15
"0_0_5_39","2023-04-30 17:39:43.445",1,3,3,63,303,15
"0_0_3_30","2023-04-30 17:39:51.337",1,15,911,32,308,15
"0_0_3_30","2023-04-30 17:39:51.337",1,15,3,82,308,15
"0_0_3_30","2023-04-30 17:39:51.337",1,15,1,172,308,15
"0_0_5_9","2023-04-30 17:40:26.378",1,7,911,55,303,15
"0_0_5_9","2023-04-30 17:40:26.378",1,7,1,143,303,15
"0_0_5_9","2023-04-30 17:40:26.378",1,7,3,78,303,15
"0_0_1_18","2023-04-30 17:41:17.573",1,2,911,42,351,17
"0_0_1_18","2023-04-30 17:41:17.573",1,2,1,201,351,17
"0_0_1_18","2023-04-30 17:41:17.573",1,2,3,74,351,17
"0_0_5_28","2023-04-30 17:41:17.616",1,13,3,76,310,15
"0_0_5_28","2023-04-30 17:41:17.616",1,13,911,44,310,15
"0_0_5_28","2023-04-30 17:41:17.616",1,13,1,172,310,15
"0_0_5_6","2023-04-30 17:41:28.592",1,2,911,76,308,15
"0_0_5_6","2023-04-30 17:41:28.592",1,2,3,53,308,15
"0_0_5_6","2023-04-30 17:41:28.592",1,2,1,153,308,15
"0_0_3_12","2023-04-30 17:42:16.289",1,2,3,101,303,15
"0_0_3_12","2023-04-30 17:42:16.289",1,2,1,153,303,15
"0_0_3_12","2023-04-30 17:42:16.289",1,2,911,26,303,15
"4_30_0_1","2023-04-30 17:42:31.088",1,6,1,170,313,15
"4_30_0_1","2023-04-30 17:42:31.088",1,6,3,59,313,15
"4_30_0_1","2023-04-30 17:42:31.088",1,6,911,75,313,15
"0_0_1_8","2023-04-30 17:42:42.859",1,6,1,180,307,15
"0_0_1_8","2023-04-30 17:42:42.859",1,6,911,45,307,15
"0_0_1_8","2023-04-30 17:42:42.859",1,6,3,60,307,15
"9_23_0_2","2023-04-30 17:42:50.086",1,3,911,29,313,15
"9_23_0_2","2023-04-30 17:42:50.086",1,3,1,230,313,15
"9_23_0_2","2023-04-30 17:42:50.086",1,3,3,37,313,15
"0_0_3_26","2023-04-30 17:42:53.729",1,7,911,35,302,15
"0_0_3_26","2023-04-30 17:42:53.729",1,7,1,141,302,15
"0_0_3_26","2023-04-30 17:42:53.729",1,7,3,102,302,15
"0_0_6_3","2023-04-30 17:42:56.015",1,3,3,78,312,15
"0_0_6_3","2023-04-30 17:42:56.015",1,3,1,148,312,15
"0_0_6_3","2023-04-30 17:42:56.015",1,3,911,61,312,15
"0_0_3_19","2023-04-30 17:43:14.699",1,6,1,179,301,15
"0_0_3_19","2023-04-30 17:43:14.699",1,6,911,22,301,15
"0_0_3_19","2023-04-30 17:43:14.699",1,6,3,83,301,15
"13_3_0_6","2023-04-30 17:43:31.254",1,1,3,81,308,15
"13_3_0_6","2023-04-30 17:43:31.254",1,1,1,155,308,15
"13_3_0_6","2023-04-30 17:43:31.254",1,1,911,56,308,15
"0_0_4_29","2023-04-30 17:43:40.749",1,3,3,73,304,15
"0_0_4_29","2023-04-30 17:43:40.749",1,3,1,159,304,15
"0_0_4_29","2023-04-30 17:43:40.749",1,3,911,43,304,15
"3_7_0_3","2023-04-30 17:43:54.307",1,4,3,131,306,15
"3_7_0_3","2023-04-30 17:43:54.307",1,4,1,126,306,15
"3_7_0_3","2023-04-30 17:43:54.307",1,4,911,41,306,15
"12_0_0_2","2023-04-30 17:43:56.017",1,10,3,93,301,15
"12_0_0_2","2023-04-30 17:43:56.017",1,10,1,128,301,15
"12_0_0_2","2023-04-30 17:43:56.017",1,10,911,52,301,15
"0_0_3_23","2023-04-30 17:44:29.166",1,5,3,79,304,15
"0_0_3_23","2023-04-30 17:44:29.166",1,5,1,166,304,15
"0_0_3_23","2023-04-30 17:44:29.166",1,5,911,37,304,15
"0_0_4_13","2023-04-30 17:44:29.614",1,6,3,107,312,15
"0_0_4_13","2023-04-30 17:44:29.614",1,6,1,153,312,15
"0_0_4_13","2023-04-30 17:44:29.614",1,6,911,36,312,15
"0_0_4_20","2023-04-30 17:44:53.02",1,3,1,164,305,15
"0_0_4_20","2023-04-30 17:44:53.02",1,3,911,34,305,15
"0_0_4_20","2023-04-30 17:44:53.02",1,3,3,81,305,15
"3_7_0_3","2023-04-30 17:44:59.567",1,6,3,114,306,15
"3_7_0_3","2023-04-30 17:44:59.567",1,6,1,147,306,15
"3_7_0_3","2023-04-30 17:44:59.567",1,6,911,34,306,15
"3_7_0_1","2023-04-30 17:45:30.24",1,7,911,34,302,15
"3_7_0_1","2023-04-30 17:45:30.24",1,7,3,110,302,15
"3_7_0_1","2023-04-30 17:45:30.24",1,7,1,151,302,15
"11_3_0_9","2023-04-30 17:45:39.169",1,2,911,68,302,15
"11_3_0_9","2023-04-30 17:45:39.169",1,2,1,98,302,15
"11_3_0_9","2023-04-30 17:45:39.169",1,2,3,117,302,15
"10_0_0_23","2023-04-30 17:46:01.798",1,3,911,102,306,15
"10_0_0_23","2023-04-30 17:46:01.798",1,3,3,45,306,15
"10_0_0_23","2023-04-30 17:46:01.798",1,3,1,140,306,15
"0_0_5_25","2023-04-30 17:46:21.412",1,4,3,46,321,16
"0_0_5_25","2023-04-30 17:46:21.412",1,4,1,211,321,16
"0_0_5_25","2023-04-30 17:46:21.412",1,4,911,52,321,16
"0_0_3_14","2023-04-30 17:46:39.708",1,3,911,62,316,15
"0_0_3_14","2023-04-30 17:46:39.708",1,3,3,73,316,15
"0_0_3_14","2023-04-30 17:46:39.708",1,3,1,149,316,15
"0_0_5_16","2023-04-30 17:46:41.605",1,2,1,168,303,15
"0_0_5_16","2023-04-30 17:46:41.605",1,2,911,44,303,15
"0_0_5_16","2023-04-30 17:46:41.605",1,2,3,71,303,15
"0_0_4_4","2023-04-30 17:46:51.451",1,5,3,100,302,15
"0_0_4_4","2023-04-30 17:46:51.451",1,5,1,148,302,15
"0_0_4_4","2023-04-30 17:46:51.451",1,5,911,31,302,15
"6_2_0_503","2023-04-30 17:46:55.109",1,1,1,70,314,15
"6_2_0_503","2023-04-30 17:46:55.109",1,1,3,150,314,15
"6_2_0_503","2023-04-30 17:46:55.109",1,1,911,82,314,15
"3_17_0_1","2023-04-30 17:47:13.892",1,1,911,36,307,15
"3_17_0_1","2023-04-30 17:47:13.892",1,1,3,153,307,15
"3_17_0_1","2023-04-30 17:47:13.892",1,1,1,100,307,15
"0_0_5_28","2023-04-30 17:47:19.14",1,8,1,178,313,15
"0_0_5_28","2023-04-30 17:47:19.14",1,8,911,39,313,15
"0_0_5_28","2023-04-30 17:47:19.14",1,8,3,85,313,15
"12_27_0_501","2023-04-30 17:47:35.926",1,3,3,148,302,15
"12_27_0_501","2023-04-30 17:47:35.926",1,3,1,125,302,15
"12_27_0_501","2023-04-30 17:47:35.926",1,3,911,15,302,15
"3_7_0_2","2023-04-30 17:47:43.014",1,4,3,103,303,15
"3_7_0_2","2023-04-30 17:47:43.014",1,4,1,154,303,15
"3_7_0_2","2023-04-30 17:47:43.014",1,4,911,35,303,15
"0_0_5_33","2023-04-30 17:47:46.671",1,4,3,89,308,15
"0_0_5_33","2023-04-30 17:47:46.671",1,4,1,158,308,15
"0_0_5_33","2023-04-30 17:47:46.671",1,4,911,41,308,15
"0_0_1_11","2023-04-30 17:47:49.34",1,8,3,97,306,15
"0_0_1_11","2023-04-30 17:47:49.34",1,8,911,45,306,15
"0_0_1_11","2023-04-30 17:47:49.34",1,8,1,142,306,15
"8_0_0_3","2023-04-30 17:47:50.504",1,6,1,134,306,15
"8_0_0_3","2023-04-30 17:47:50.504",1,6,911,28,306,15
"8_0_0_3","2023-04-30 17:47:50.504",1,6,3,131,306,15
"11_5_0_1","2023-04-30 17:47:57.932",1,35,911,62,305,15
"11_5_0_1","2023-04-30 17:47:57.932",1,35,1,176,305,15
"11_5_0_1","2023-04-30 17:47:57.932",1,35,3,45,305,15
"17_0_0_502","2023-04-30 17:48:03.556",1,1,1,242,368,18
"17_0_0_502","2023-04-30 17:48:03.556",1,1,3,70,368,18
"17_0_0_502","2023-04-30 17:48:03.556",1,1,911,19,368,18
"0_0_3_30","2023-04-30 17:48:14.961",1,8,3,70,344,17
"0_0_3_30","2023-04-30 17:48:14.961",1,8,1,221,344,17
"0_0_3_30","2023-04-30 17:48:14.961",1,8,911,34,344,17
"0_0_5_2","2023-04-30 17:48:42.538",1,9,1,176,313,15
"0_0_5_2","2023-04-30 17:48:42.538",1,9,3,74,313,15
"0_0_5_2","2023-04-30 17:48:42.538",1,9,911,46,313,15
"0_0_5_4","2023-04-30 17:48:48.582",1,5,911,36,316,15
"0_0_5_4","2023-04-30 17:48:48.582",1,5,3,71,316,15
"0_0_5_4","2023-04-30 17:48:48.582",1,5,1,186,316,15
"12_0_0_3","2023-04-30 17:49:01.992",1,9,3,84,311,15
"12_0_0_3","2023-04-30 17:49:01.992",1,9,1,150,311,15
"12_0_0_3","2023-04-30 17:49:01.992",1,9,911,57,311,15
"0_0_4_22","2023-04-30 17:49:38.779",1,4,3,99,302,15
"0_0_4_22","2023-04-30 17:49:38.779",1,4,1,162,302,15
"0_0_4_22","2023-04-30 17:49:38.779",1,4,911,28,302,15
"5_0_0_4","2023-04-30 17:49:42.927",1,4,3,81,302,15
"5_0_0_4","2023-04-30 17:49:42.927",1,4,1,184,302,15
"5_0_0_4","2023-04-30 17:49:42.927",1,4,911,27,302,15
"3_21_0_1","2023-04-30 17:50:11.637",1,10,3,105,301,15
"3_21_0_1","2023-04-30 17:50:11.637",1,10,911,34,301,15
"3_21_0_1","2023-04-30 17:50:11.637",1,10,1,154,301,15
"0_0_5_5","2023-04-30 17:50:13.678",1,6,911,57,313,15
"0_0_5_5","2023-04-30 17:50:13.678",1,6,3,56,313,15
"0_0_5_5","2023-04-30 17:50:13.678",1,6,1,174,313,15
"11_31_0_501","2023-04-30 17:50:17.187",1,1,3,83,302,15
"11_31_0_501","2023-04-30 17:50:17.187",1,1,911,57,302,15
"11_31_0_501","2023-04-30 17:50:17.187",1,1,1,146,302,15
"5_0_0_4","2023-04-30 17:50:48.187",1,8,911,22,306,15
"5_0_0_4","2023-04-30 17:50:48.187",1,8,3,90,306,15
"5_0_0_4","2023-04-30 17:50:48.187",1,8,1,184,306,15
"0_0_5_10","2023-04-30 17:50:50.369",1,4,1,172,315,15
"0_0_5_10","2023-04-30 17:50:50.369",1,4,3,100,315,15
"0_0_5_10","2023-04-30 17:50:50.369",1,4,911,27,315,15
"0_0_4_13","2023-04-30 17:50:59.576",1,1,1,154,307,15
"0_0_4_13","2023-04-30 17:50:59.576",1,1,911,21,307,15
"0_0_4_13","2023-04-30 17:50:59.576",1,1,3,118,307,15
"0_0_5_4","2023-04-30 17:51:59.289",1,8,1,168,303,15
"0_0_5_4","2023-04-30 17:51:59.289",1,8,911,39,303,15
"0_0_5_4","2023-04-30 17:51:59.289",1,8,3,68,303,15
"0_0_5_36","2023-04-30 17:52:07.305",1,13,3,87,324,16
"0_0_5_36","2023-04-30 17:52:07.305",1,13,911,91,324,16
"0_0_5_36","2023-04-30 17:52:07.305",1,13,1,128,324,16
"11_17_0_7","2023-04-30 17:52:07.754",1,6,3,52,309,15
"11_17_0_7","2023-04-30 17:52:07.754",1,6,911,46,309,15
"11_17_0_7","2023-04-30 17:52:07.754",1,6,1,187,309,15
"0_0_5_2","2023-04-30 17:52:20.639",1,3,1,175,303,15
"0_0_5_2","2023-04-30 17:52:20.639",1,3,911,40,303,15
"0_0_5_2","2023-04-30 17:52:20.639",1,3,3,63,303,15
"0_0_5_22","2023-04-30 17:52:25.474",1,2,911,64,302,15
"0_0_5_22","2023-04-30 17:52:25.474",1,2,1,159,302,15
"0_0_5_22","2023-04-30 17:52:25.474",1,2,3,53,302,15
"0_0_5_10","2023-04-30 17:52:27.449",1,2,1,172,314,15
"0_0_5_10","2023-04-30 17:52:27.449",1,2,911,20,314,15
"0_0_5_10","2023-04-30 17:52:27.449",1,2,3,107,314,15
"0_0_4_14","2023-04-30 17:52:41.595",1,13,1,175,308,15
"0_0_4_14","2023-04-30 17:52:41.595",1,13,911,37,308,15
"0_0_4_14","2023-04-30 17:52:41.595",1,13,3,75,308,15
"0_0_1_22","2023-04-30 17:52:50.602",1,3,1,142,330,16
"0_0_1_22","2023-04-30 17:52:50.602",1,3,911,38,330,16
"0_0_1_22","2023-04-30 17:52:50.602",1,3,3,127,330,16
"0_0_1_16","2023-04-30 17:53:36.876",1,10,1,169,303,15
"0_0_1_16","2023-04-30 17:53:36.876",1,10,3,65,303,15
"0_0_1_16","2023-04-30 17:53:36.876",1,10,911,49,303,15
"3_27_0_502","2023-04-30 17:53:37.342",1,1,3,58,331,16
"3_27_0_502","2023-04-30 17:53:37.342",1,1,1,239,331,16
"3_27_0_502","2023-04-30 17:53:37.342",1,1,911,25,331,16
"0_0_5_10","2023-04-30 17:53:51.337",1,7,3,89,310,15
"0_0_5_10","2023-04-30 17:53:51.337",1,7,911,24,310,15
"0_0_5_10","2023-04-30 17:53:51.337",1,7,1,179,310,15
"9_15_0_501","2023-04-30 17:54:01.856",1,6,3,210,342,17
"9_15_0_501","2023-04-30 17:54:01.856",1,6,1,68,342,17
"9_15_0_501","2023-04-30 17:54:01.856",1,6,911,51,342,17
"0_0_1_16","2023-04-30 17:54:36.106",1,8,3,70,301,15
"0_0_1_16","2023-04-30 17:54:36.106",1,8,1,164,301,15
"0_0_1_16","2023-04-30 17:54:36.106",1,8,911,40,301,15
"0_0_1_3","2023-04-30 17:54:39.954",1,10,1,187,308,15
"0_0_1_3","2023-04-30 17:54:39.954",1,10,911,46,308,15
"0_0_1_3","2023-04-30 17:54:39.954",1,10,3,53,308,15
"0_0_1_7","2023-04-30 17:54:48.828",1,3,1,173,347,17
"0_0_1_7","2023-04-30 17:54:48.828",1,3,3,105,347,17
"0_0_1_7","2023-04-30 17:54:48.828",1,3,911,39,347,17
"12_25_0_1","2023-04-30 17:54:51.689",1,1,911,7,305,15
"12_25_0_1","2023-04-30 17:54:51.689",1,1,3,39,305,15
"12_25_0_1","2023-04-30 17:54:51.689",1,1,1,253,305,15
"0_0_1_16","2023-04-30 17:55:31.301",1,7,1,173,307,15
"0_0_1_16","2023-04-30 17:55:31.301",1,7,3,65,307,15
"0_0_1_16","2023-04-30 17:55:31.301",1,7,911,37,307,15
"0_0_1_22","2023-04-30 17:56:16.069",1,2,1,134,322,16
"0_0_1_22","2023-04-30 17:56:16.069",1,2,911,36,322,16
"0_0_1_22","2023-04-30 17:56:16.069",1,2,3,132,322,16
"0_0_3_20","2023-04-30 17:56:22.184",1,7,911,57,324,16
"0_0_3_20","2023-04-30 17:56:22.184",1,7,1,161,324,16
"0_0_3_20","2023-04-30 17:56:22.184",1,7,3,79,324,16
"0_0_1_1","2023-04-30 17:56:33.036",1,3,1,169,306,15
"0_0_1_1","2023-04-30 17:56:33.036",1,3,3,71,306,15
"0_0_1_1","2023-04-30 17:56:33.036",1,3,911,50,306,15
"3_17_0_2","2023-04-30 17:56:38.002",1,14,911,43,315,15
"3_17_0_2","2023-04-30 17:56:38.002",1,14,1,112,315,15
"3_17_0_2","2023-04-30 17:56:38.002",1,14,3,153,315,15
"0_0_2_2","2023-04-30 17:56:43.799",1,1,3,88,307,15
"0_0_2_2","2023-04-30 17:56:43.799",1,1,1,159,307,15
"0_0_2_2","2023-04-30 17:56:43.799",1,1,911,36,307,15
"0_0_1_1","2023-04-30 17:56:54.732",1,8,3,63,305,15
"0_0_1_1","2023-04-30 17:56:54.732",1,8,1,167,305,15
"0_0_1_1","2023-04-30 17:56:54.732",1,8,911,42,305,15
"0_0_6_4","2023-04-30 17:57:07.091",1,7,3,62,317,15
"0_0_6_4","2023-04-30 17:57:07.091",1,7,911,71,317,15
"0_0_6_4","2023-04-30 17:57:07.091",1,7,1,160,317,15
"3_27_0_502","2023-04-30 17:57:08.024",1,2,1,249,354,17
"3_27_0_502","2023-04-30 17:57:08.024",1,2,911,33,354,17
"3_27_0_502","2023-04-30 17:57:08.024",1,2,3,65,354,17
"0_0_4_8","2023-04-30 17:57:17.773",1,7,3,89,307,15
"0_0_4_8","2023-04-30 17:57:17.773",1,7,1,160,307,15
"0_0_4_8","2023-04-30 17:57:17.773",1,7,911,30,307,15
"0_0_2_6","2023-04-30 17:57:23.5",1,1,911,30,307,15
"0_0_2_6","2023-04-30 17:57:23.5",1,1,3,89,307,15
"0_0_2_6","2023-04-30 17:57:23.5",1,1,1,159,307,15
"4_30_0_1","2023-04-30 17:57:44.194",1,1,911,59,316,15
"4_30_0_1","2023-04-30 17:57:44.194",1,1,1,183,316,15
"4_30_0_1","2023-04-30 17:57:44.194",1,1,3,66,316,15
"0_0_3_34","2023-04-30 17:58:13.301",1,7,1,171,333,16
"0_0_3_34","2023-04-30 17:58:13.301",1,7,3,103,333,16
"0_0_3_34","2023-04-30 17:58:13.301",1,7,911,42,333,16
"12_1_0_501","2023-04-30 17:58:15.201",1,1,1,264,346,17
"12_1_0_501","2023-04-30 17:58:15.201",1,1,3,55,346,17
"12_1_0_501","2023-04-30 17:58:15.201",1,1,911,15,346,17
"0_0_1_2","2023-04-30 17:58:17.439",1,15,1,184,316,15
"0_0_1_2","2023-04-30 17:58:17.439",1,15,911,38,316,15
"0_0_1_2","2023-04-30 17:58:17.439",1,15,3,67,316,15
"0_0_6_4","2023-04-30 17:58:32.695",1,10,1,179,304,15
"0_0_6_4","2023-04-30 17:58:32.695",1,10,911,67,304,15
"0_0_6_4","2023-04-30 17:58:32.695",1,10,3,39,304,15
"0_0_4_16","2023-04-30 17:59:04.541",1,7,911,45,315,15
"0_0_4_16","2023-04-30 17:59:04.541",1,7,3,73,315,15
"0_0_4_16","2023-04-30 17:59:04.541",1,7,1,168,315,15
"0_0_5_10","2023-04-30 17:59:07.849",1,8,911,29,335,16
"0_0_5_10","2023-04-30 17:59:07.849",1,8,3,105,335,16
"0_0_5_10","2023-04-30 17:59:07.849",1,8,1,180,335,16
"6_15_0_501","2023-04-30 17:59:15.581",1,3,3,32,307,15
"6_15_0_501","2023-04-30 17:59:15.581",1,3,911,70,307,15
"6_15_0_501","2023-04-30 17:59:15.581",1,3,1,203,307,15
"0_0_3_7","2023-04-30 17:59:53.907",1,8,911,55,302,15
"0_0_3_7","2023-04-30 17:59:53.907",1,8,3,54,302,15
"0_0_3_7","2023-04-30 17:59:53.907",1,8,1,179,302,15
"0_0_3_34","2023-04-30 17:59:58.919",1,1,3,98,317,15
"0_0_3_34","2023-04-30 17:59:58.919",1,1,1,152,317,15
"0_0_3_34","2023-04-30 17:59:58.919",1,1,911,49,317,15
"11_31_0_2","2023-04-30 17:59:59.919",1,3,1,130,315,15
"11_31_0_2","2023-04-30 17:59:59.919",1,3,911,78,315,15
"11_31_0_2","2023-04-30 17:59:59.919",1,3,3,76,315,15
"0_0_2_6","2023-04-30 18:00:14.391",1,6,911,32,302,15
"0_0_2_6","2023-04-30 18:00:14.391",1,6,1,164,302,15
"0_0_2_6","2023-04-30 18:00:14.391",1,6,3,81,302,15
"0_0_5_28","2023-04-30 18:00:17.417",1,11,3,80,310,15
"0_0_5_28","2023-04-30 18:00:17.417",1,11,911,51,310,15
"0_0_5_28","2023-04-30 18:00:17.417",1,11,1,155,310,15
"0_0_3_26","2023-04-30 18:00:34.124",1,5,911,40,301,15
"0_0_3_26","2023-04-30 18:00:34.124",1,5,3,93,301,15
"0_0_3_26","2023-04-30 18:00:34.124",1,5,1,150,301,15
"3_11_0_2","2023-04-30 18:00:49.744",1,2,911,72,319,15
"3_11_0_2","2023-04-30 18:00:49.744",1,2,3,94,319,15
"3_11_0_2","2023-04-30 18:00:49.744",1,2,1,135,319,15
"0_0_5_13","2023-04-30 18:00:53.958",1,4,3,67,315,15
"0_0_5_13","2023-04-30 18:00:53.958",1,4,1,198,315,15
"0_0_5_13","2023-04-30 18:00:53.958",1,4,911,32,315,15
"0_0_5_28","2023-04-30 18:01:34.024",1,2,3,66,308,15
"0_0_5_28","2023-04-30 18:01:34.024",1,2,1,182,308,15
"0_0_5_28","2023-04-30 18:01:34.024",1,2,911,37,308,15
"8_13_0_501","2023-04-30 18:01:52.531",1,1,1,128,303,15
"8_13_0_501","2023-04-30 18:01:52.531",1,1,3,142,303,15
"8_13_0_501","2023-04-30 18:01:52.531",1,1,911,18,303,15
"0_0_5_9","2023-04-30 18:02:30.757",1,4,911,60,309,15
"0_0_5_9","2023-04-30 18:02:30.757",1,4,1,149,309,15
"0_0_5_9","2023-04-30 18:02:30.757",1,4,3,86,309,15
"0_0_5_6","2023-04-30 18:02:31.919",1,6,1,162,316,15
"0_0_5_6","2023-04-30 18:02:31.919",1,6,3,62,316,15
"0_0_5_6","2023-04-30 18:02:31.919",1,6,911,69,316,15
"3_27_0_504","2023-04-30 18:02:44.133",1,2,911,25,335,16
"3_27_0_504","2023-04-30 18:02:44.133",1,2,3,135,335,16
"3_27_0_504","2023-04-30 18:02:44.133",1,2,1,162,335,16
"0_0_3_31","2023-04-30 18:02:45.365",1,8,1,167,301,15
"0_0_3_31","2023-04-30 18:02:45.365",1,8,3,57,301,15
"0_0_3_31","2023-04-30 18:02:45.365",1,8,911,50,301,15
"3_0_0_501","2023-04-30 18:03:33.341",1,8,1,42,316,15
"3_0_0_501","2023-04-30 18:03:33.341",1,8,3,202,316,15
"3_0_0_501","2023-04-30 18:03:33.341",1,8,911,60,316,15
"3_11_0_2","2023-04-30 18:04:10.209",1,3,1,148,311,15
"3_11_0_2","2023-04-30 18:04:10.209",1,3,3,100,311,15
"3_11_0_2","2023-04-30 18:04:10.209",1,3,911,46,311,15
"8_15_0_1","2023-04-30 18:04:29.73",1,7,3,80,325,16
"8_15_0_1","2023-04-30 18:04:29.73",1,7,911,30,325,16
"8_15_0_1","2023-04-30 18:04:29.73",1,7,1,206,325,16
"3_27_0_3","2023-04-30 18:04:35.027",1,4,1,119,305,15
"3_27_0_3","2023-04-30 18:04:35.027",1,4,911,43,305,15
"3_27_0_3","2023-04-30 18:04:35.027",1,4,3,120,305,15
"12_13_0_1","2023-04-30 18:04:59.399",1,3,3,135,305,15
"12_13_0_1","2023-04-30 18:04:59.399",1,3,1,131,305,15
"12_13_0_1","2023-04-30 18:04:59.399",1,3,911,22,305,15
"0_0_3_14","2023-04-30 18:05:07.109",1,9,3,85,345,17
"0_0_3_14","2023-04-30 18:05:07.109",1,9,1,159,345,17
"0_0_3_14","2023-04-30 18:05:07.109",1,9,911,70,345,17
"5_31_0_501","2023-04-30 18:05:07.726",1,11,3,149,308,15
"5_31_0_501","2023-04-30 18:05:07.726",1,11,1,132,308,15
"5_31_0_501","2023-04-30 18:05:07.726",1,11,911,17,308,15
"3_27_0_503","2023-04-30 18:05:33.415",1,1,911,52,318,15
"3_27_0_503","2023-04-30 18:05:33.415",1,1,1,205,318,15
"3_27_0_503","2023-04-30 18:05:33.415",1,1,3,51,318,15
"0_0_5_29","2023-04-30 18:05:39.636",1,1,3,118,352,17
"0_0_5_29","2023-04-30 18:05:39.636",1,1,1,147,352,17
"0_0_5_29","2023-04-30 18:05:39.636",1,1,911,68,352,17
"0_0_5_25","2023-04-30 18:06:06.706",1,2,1,201,318,15
"0_0_5_25","2023-04-30 18:06:06.706",1,2,911,52,318,15
"0_0_5_25","2023-04-30 18:06:06.706",1,2,3,48,318,15
"0_0_3_30","2023-04-30 18:06:39.097",1,12,911,59,301,15
"0_0_3_30","2023-04-30 18:06:39.097",1,12,3,55,301,15
"0_0_3_30","2023-04-30 18:06:39.097",1,12,1,161,301,15
"4_30_0_1","2023-04-30 18:07:05.054",1,3,911,60,301,15
"4_30_0_1","2023-04-30 18:07:05.054",1,3,1,161,301,15
"4_30_0_1","2023-04-30 18:07:05.054",1,3,3,70,301,15
"1_5_0_501","2023-04-30 18:07:23.251",1,1,1,109,306,15
"1_5_0_501","2023-04-30 18:07:23.251",1,1,911,32,306,15
"1_5_0_501","2023-04-30 18:07:23.251",1,1,3,157,306,15
"8_0_0_3","2023-04-30 18:07:48.61",1,1,3,119,308,15
"8_0_0_3","2023-04-30 18:07:48.61",1,1,1,153,308,15
"8_0_0_3","2023-04-30 18:07:48.61",1,1,911,24,308,15
"0_0_3_19","2023-04-30 18:08:27.955",1,7,3,108,329,16
"0_0_3_19","2023-04-30 18:08:27.955",1,7,1,177,329,16
"0_0_3_19","2023-04-30 18:08:27.955",1,7,911,25,329,16
"0_0_6_4","2023-04-30 18:08:46.191",1,3,911,54,307,15
"0_0_6_4","2023-04-30 18:08:46.191",1,3,3,61,307,15
"0_0_6_4","2023-04-30 18:08:46.191",1,3,1,171,307,15
"3_21_0_1","2023-04-30 18:09:00.142",1,6,911,37,307,15
"3_21_0_1","2023-04-30 18:09:00.142",1,6,3,106,307,15
"3_21_0_1","2023-04-30 18:09:00.142",1,6,1,146,307,15
"0_0_1_22","2023-04-30 18:09:41.893",1,5,3,120,327,16
"0_0_1_22","2023-04-30 18:09:41.893",1,5,1,141,327,16
"0_0_1_22","2023-04-30 18:09:41.893",1,5,911,43,327,16
"0_0_6_4","2023-04-30 18:09:44.27",1,5,1,169,307,15
"0_0_6_4","2023-04-30 18:09:44.27",1,5,911,62,307,15
"0_0_6_4","2023-04-30 18:09:44.27",1,5,3,62,307,15
"8_0_0_3","2023-04-30 18:09:58.709",1,10,1,145,307,15
"8_0_0_3","2023-04-30 18:09:58.709",1,10,3,125,307,15
"8_0_0_3","2023-04-30 18:09:58.709",1,10,911,26,307,15
"0_0_5_20","2023-04-30 18:10:00.256",1,7,911,51,309,15
"0_0_5_20","2023-04-30 18:10:00.256",1,7,3,55,309,15
"0_0_5_20","2023-04-30 18:10:00.256",1,7,1,176,309,15
"11_17_0_511","2023-04-30 18:10:02.881",1,12,911,77,305,15
"11_17_0_511","2023-04-30 18:10:02.881",1,12,1,149,305,15
"11_17_0_511","2023-04-30 18:10:02.881",1,12,3,60,305,15
"3_27_0_504","2023-04-30 18:10:24.534",1,1,911,47,333,16
"3_27_0_504","2023-04-30 18:10:24.534",1,1,1,165,333,16
"3_27_0_504","2023-04-30 18:10:24.534",1,1,3,108,333,16
"0_0_5_16","2023-04-30 18:11:37.376",1,8,1,157,307,15
"0_0_5_16","2023-04-30 18:11:37.376",1,8,911,46,307,15
"0_0_5_16","2023-04-30 18:11:37.376",1,8,3,83,307,15
"0_0_2_3","2023-04-30 18:11:41.44",1,7,911,57,303,15
"0_0_2_3","2023-04-30 18:11:41.44",1,7,1,155,303,15
"0_0_2_3","2023-04-30 18:11:41.44",1,7,3,69,303,15
"8_0_0_3","2023-04-30 18:12:09.818",1,8,1,156,312,15
"8_0_0_3","2023-04-30 18:12:09.818",1,8,3,115,312,15
"8_0_0_3","2023-04-30 18:12:09.818",1,8,911,30,312,15
"0_0_4_20","2023-04-30 18:12:20.013",1,9,911,24,305,15
"0_0_4_20","2023-04-30 18:12:20.013",1,9,1,175,305,15
"0_0_4_20","2023-04-30 18:12:20.013",1,9,3,93,305,15
"0_0_3_27","2023-04-30 18:13:12.493",1,24,3,72,304,15
"0_0_3_27","2023-04-30 18:13:12.493",1,24,1,146,304,15
"0_0_3_27","2023-04-30 18:13:12.493",1,24,911,58,304,15
"0_0_3_10","2023-04-30 18:13:32.818",1,4,911,44,304,15
"0_0_3_10","2023-04-30 18:13:32.818",1,4,1,142,304,15
"0_0_3_10","2023-04-30 18:13:32.818",1,4,3,93,304,15
"0_0_4_20","2023-04-30 18:14:07.838",1,6,911,23,301,15
"0_0_4_20","2023-04-30 18:14:07.838",1,6,3,82,301,15
"0_0_4_20","2023-04-30 18:14:07.838",1,6,1,171,301,15
"1_1_0_1","2023-04-30 18:15:03.952",1,6,911,43,304,15
"1_1_0_1","2023-04-30 18:15:03.952",1,6,1,161,304,15
"1_1_0_1","2023-04-30 18:15:03.952",1,6,3,91,304,15
"8_9_0_2","2023-04-30 18:15:13.364",1,2,3,78,310,15
"8_9_0_2","2023-04-30 18:15:13.364",1,2,911,19,310,15
"8_9_0_2","2023-04-30 18:15:13.364",1,2,1,203,310,15
"12_13_0_1","2023-04-30 18:15:14.406",1,4,1,128,325,16
"12_13_0_1","2023-04-30 18:15:14.406",1,4,3,153,325,16
"12_13_0_1","2023-04-30 18:15:14.406",1,4,911,29,325,16
"0_0_5_28","2023-04-30 18:15:25.162",1,14,911,37,306,15
"0_0_5_28","2023-04-30 18:15:25.162",1,14,1,175,306,15
"0_0_5_28","2023-04-30 18:15:25.162",1,14,3,78,306,15
"11_29_0_10","2023-04-30 18:15:35.115",1,1,1,124,313,15
"11_29_0_10","2023-04-30 18:15:35.115",1,1,911,68,313,15
"11_29_0_10","2023-04-30 18:15:35.115",1,1,3,101,313,15
"8_15_0_1","2023-04-30 18:15:35.878",1,8,1,170,306,15
"8_15_0_1","2023-04-30 18:15:35.878",1,8,3,106,306,15
"8_15_0_1","2023-04-30 18:15:35.878",1,8,911,23,306,15
"11_9_0_501","2023-04-30 18:15:51.118",1,1,911,57,303,15
"11_9_0_501","2023-04-30 18:15:51.118",1,1,1,133,303,15
"11_9_0_501","2023-04-30 18:15:51.118",1,1,3,98,303,15
"4_30_0_1","2023-04-30 18:16:20.304",1,4,1,162,321,16
"4_30_0_1","2023-04-30 18:16:20.304",1,4,911,73,321,16
"4_30_0_1","2023-04-30 18:16:20.304",1,4,3,70,321,16
"0_0_3_10","2023-04-30 18:16:21.725",1,1,911,45,312,15
"0_0_3_10","2023-04-30 18:16:21.725",1,1,1,144,312,15
"0_0_3_10","2023-04-30 18:16:21.725",1,1,3,100,312,15
"0_0_2_3","2023-04-30 18:16:29.794",1,1,1,154,306,15
"0_0_2_3","2023-04-30 18:16:29.794",1,1,911,40,306,15
"0_0_2_3","2023-04-30 18:16:29.794",1,1,3,73,306,15
"11_9_0_502","2023-04-30 18:16:41.354",1,4,1,193,312,15
"11_9_0_502","2023-04-30 18:16:41.354",1,4,911,43,312,15
"11_9_0_502","2023-04-30 18:16:41.354",1,4,3,53,312,15
"0_0_1_1","2023-04-30 18:17:03.471",1,2,911,46,302,15
"0_0_1_1","2023-04-30 18:17:03.471",1,2,3,81,302,15
"0_0_1_1","2023-04-30 18:17:03.471",1,2,1,158,302,15
"0_0_4_4","2023-04-30 18:17:28.806",1,8,3,93,316,15
"0_0_4_4","2023-04-30 18:17:28.806",1,8,1,176,316,15
"0_0_4_4","2023-04-30 18:17:28.806",1,8,911,17,316,15
"0_0_3_8","2023-04-30 18:17:42.985",1,8,911,31,377,18
"0_0_3_8","2023-04-30 18:17:42.985",1,8,1,230,377,18
"0_0_3_8","2023-04-30 18:17:42.985",1,8,3,93,377,18
"15_0_0_4","2023-04-30 18:17:47.64",1,17,1,137,347,17
"15_0_0_4","2023-04-30 18:17:47.64",1,17,3,75,347,17
"15_0_0_4","2023-04-30 18:17:47.64",1,17,911,118,347,17
"0_0_3_31","2023-04-30 18:17:50.339",1,1,911,53,302,15
"0_0_3_31","2023-04-30 18:17:50.339",1,1,3,42,302,15
"0_0_3_31","2023-04-30 18:17:50.339",1,1,1,169,302,15
"0_0_5_28","2023-04-30 18:18:15.971",1,10,3,87,312,15
"0_0_5_28","2023-04-30 18:18:15.971",1,10,1,163,312,15
"0_0_5_28","2023-04-30 18:18:15.971",1,10,911,35,312,15
"3_11_0_1","2023-04-30 18:18:26.317",1,17,1,130,305,15
"3_11_0_1","2023-04-30 18:18:26.317",1,17,3,110,305,15
"3_11_0_1","2023-04-30 18:18:26.317",1,17,911,46,305,15
"0_0_4_13","2023-04-30 18:18:39.198",1,4,3,102,307,15
"0_0_4_13","2023-04-30 18:18:39.198",1,4,1,165,307,15
"0_0_4_13","2023-04-30 18:18:39.198",1,4,911,21,307,15
"0_0_3_30","2023-04-30 18:19:04.276",1,4,3,79,308,15
"0_0_3_30","2023-04-30 18:19:04.276",1,4,911,26,308,15
"0_0_3_30","2023-04-30 18:19:04.276",1,4,1,186,308,15
"0_0_3_30","2023-04-30 18:19:09.274",1,14,911,36,302,15
"0_0_3_30","2023-04-30 18:19:09.274",1,14,1,175,302,15
"0_0_3_30","2023-04-30 18:19:09.274",1,14,3,69,302,15
"0_0_1_2","2023-04-30 18:19:14.312",1,1,1,162,309,15
"0_0_1_2","2023-04-30 18:19:14.312",1,1,3,62,309,15
"0_0_1_2","2023-04-30 18:19:14.312",1,1,911,51,309,15
"3_11_0_501","2023-04-30 18:19:31.241",1,4,3,107,304,15
"3_11_0_501","2023-04-30 18:19:31.241",1,4,911,44,304,15
"3_11_0_501","2023-04-30 18:19:31.241",1,4,1,139,304,15
"11_0_0_504","2023-04-30 18:19:57.77",1,3,1,153,303,15
"11_0_0_504","2023-04-30 18:19:57.77",1,3,911,60,303,15
"11_0_0_504","2023-04-30 18:19:57.77",1,3,3,62,303,15
"0_0_1_22","2023-04-30 18:20:33.367",1,4,1,136,305,15
"0_0_1_22","2023-04-30 18:20:33.367",1,4,3,124,305,15
"0_0_1_22","2023-04-30 18:20:33.367",1,4,911,24,305,15
"0_0_3_27","2023-04-30 18:20:58.147",1,19,1,167,308,15
"0_0_3_27","2023-04-30 18:20:58.147",1,19,3,51,308,15
"0_0_3_27","2023-04-30 18:20:58.147",1,19,911,64,308,15
"3_11_0_1","2023-04-30 18:21:23",1,9,911,48,304,15
"3_11_0_1","2023-04-30 18:21:23",1,9,1,141,304,15
"3_11_0_1","2023-04-30 18:21:23",1,9,3,106,304,15
"0_0_3_27","2023-04-30 18:21:26.066",1,21,1,170,318,15
"0_0_3_27","2023-04-30 18:21:26.066",1,21,3,64,318,15
"0_0_3_27","2023-04-30 18:21:26.066",1,21,911,62,318,15
"0_0_1_20","2023-04-30 18:21:51.21",1,6,1,149,310,15
"0_0_1_20","2023-04-30 18:21:51.21",1,6,3,100,310,15
"0_0_1_20","2023-04-30 18:21:51.21",1,6,911,33,310,15
"0_0_3_27","2023-04-30 18:22:17.77",1,22,1,180,304,15
"0_0_3_27","2023-04-30 18:22:17.77",1,22,3,47,304,15
"0_0_3_27","2023-04-30 18:22:17.77",1,22,911,59,304,15
"3_0_0_501","2023-04-30 18:22:40.656",1,7,911,42,321,16
"3_0_0_501","2023-04-30 18:22:40.656",1,7,1,50,321,16
"3_0_0_501","2023-04-30 18:22:40.656",1,7,3,215,321,16
"0_0_3_26","2023-04-30 18:22:49.356",1,2,3,100,304,15
"0_0_3_26","2023-04-30 18:22:49.356",1,2,1,152,304,15
"0_0_3_26","2023-04-30 18:22:49.356",1,2,911,21,304,15
"12_25_0_1","2023-04-30 18:22:55.045",1,2,3,30,380,19
"12_25_0_1","2023-04-30 18:22:55.045",1,2,1,333,380,19
"12_25_0_1","2023-04-30 18:22:55.045",1,2,911,14,380,19
"0_0_3_7","2023-04-30 18:23:47.059",1,13,911,65,308,15
"0_0_3_7","2023-04-30 18:23:47.059",1,13,3,37,308,15
"0_0_3_7","2023-04-30 18:23:47.059",1,13,1,190,308,15
"0_0_4_28","2023-04-30 18:23:57.932",1,13,3,89,313,15
"0_0_4_28","2023-04-30 18:23:57.932",1,13,911,48,313,15
"0_0_4_28","2023-04-30 18:23:57.932",1,13,1,149,313,15
"0_0_4_4","2023-04-30 18:24:16.828",1,9,3,92,309,15
"0_0_4_4","2023-04-30 18:24:16.828",1,9,1,174,309,15
"0_0_4_4","2023-04-30 18:24:16.828",1,9,911,25,309,15
"0_0_3_24","2023-04-30 18:24:51.512",1,7,911,36,305,15
"0_0_3_24","2023-04-30 18:24:51.512",1,7,1,148,305,15
"0_0_3_24","2023-04-30 18:24:51.512",1,7,3,85,305,15
"0_0_6_4","2023-04-30 18:25:06.122",1,4,3,65,307,15
"0_0_6_4","2023-04-30 18:25:06.122",1,4,911,58,307,15
"0_0_6_4","2023-04-30 18:25:06.122",1,4,1,169,307,15
"0_0_4_30","2023-04-30 18:25:47.81",1,6,1,151,303,15
"0_0_4_30","2023-04-30 18:25:47.81",1,6,911,46,303,15
"0_0_4_30","2023-04-30 18:25:47.81",1,6,3,73,303,15
"3_0_0_501","2023-04-30 18:26:33.272",1,3,3,178,306,15
"3_0_0_501","2023-04-30 18:26:33.272",1,3,1,70,306,15
"3_0_0_501","2023-04-30 18:26:33.272",1,3,911,49,306,15
"0_0_1_15","2023-04-30 18:26:41.954",1,7,3,78,312,15
"0_0_1_15","2023-04-30 18:26:41.954",1,7,911,43,312,15
"0_0_1_15","2023-04-30 18:26:41.954",1,7,1,157,312,15
"11_27_0_3","2023-04-30 18:26:53.766",1,17,3,93,307,15
"11_27_0_3","2023-04-30 18:26:53.766",1,17,1,94,307,15
"11_27_0_3","2023-04-30 18:26:53.766",1,17,911,100,307,15
"0_0_3_20","2023-04-30 18:27:13.789",1,4,3,69,307,15
"0_0_3_20","2023-04-30 18:27:13.789",1,4,1,141,307,15
"0_0_3_20","2023-04-30 18:27:13.789",1,4,911,64,307,15
"11_31_0_2","2023-04-30 18:27:21.481",1,5,911,80,304,15
"11_31_0_2","2023-04-30 18:27:21.481",1,5,1,119,304,15
"11_31_0_2","2023-04-30 18:27:21.481",1,5,3,80,304,15
"12_0_0_1","2023-04-30 18:28:08.31",1,5,3,87,303,15
"12_0_0_1","2023-04-30 18:28:08.31",1,5,911,42,303,15
"12_0_0_1","2023-04-30 18:28:08.31",1,5,1,153,303,15
"0_0_5_20","2023-04-30 18:28:13.331",1,3,911,61,305,15
"0_0_5_20","2023-04-30 18:28:13.331",1,3,3,48,305,15
"0_0_5_20","2023-04-30 18:28:13.331",1,3,1,179,305,15
"0_0_3_7","2023-04-30 18:28:19.727",1,14,1,193,307,15
"0_0_3_7","2023-04-30 18:28:19.727",1,14,3,44,307,15
"0_0_3_7","2023-04-30 18:28:19.727",1,14,911,53,307,15
"0_0_3_8","2023-04-30 18:28:31.494",1,1,3,99,310,15
"0_0_3_8","2023-04-30 18:28:31.494",1,1,1,149,310,15
"0_0_3_8","2023-04-30 18:28:31.494",1,1,911,34,310,15
"11_5_0_502","2023-04-30 18:28:32.387",1,3,911,73,305,15
"11_5_0_502","2023-04-30 18:28:32.387",1,3,1,113,305,15
"11_5_0_502","2023-04-30 18:28:32.387",1,3,3,101,305,15
"12_0_0_3","2023-04-30 18:29:03.134",1,10,911,56,303,15
"12_0_0_3","2023-04-30 18:29:03.134",1,10,1,139,303,15
"12_0_0_3","2023-04-30 18:29:03.134",1,10,3,94,303,15
"0_0_3_10","2023-04-30 18:29:14.927",1,3,911,45,304,15
"0_0_3_10","2023-04-30 18:29:14.927",1,3,1,150,304,15
"0_0_3_10","2023-04-30 18:29:14.927",1,3,3,82,304,15
"11_31_0_2","2023-04-30 18:29:23.078",1,8,3,82,305,15
"11_31_0_2","2023-04-30 18:29:23.078",1,8,1,121,305,15
"11_31_0_2","2023-04-30 18:29:23.078",1,8,911,81,305,15
"3_0_0_501","2023-04-30 18:29:32.649",1,2,1,54,305,15
"3_0_0_501","2023-04-30 18:29:32.649",1,2,3,188,305,15
"3_0_0_501","2023-04-30 18:29:32.649",1,2,911,47,305,15
"8_0_0_3","2023-04-30 18:29:54.972",1,4,911,25,303,15
"8_0_0_3","2023-04-30 18:29:54.972",1,4,3,107,303,15
"8_0_0_3","2023-04-30 18:29:54.972",1,4,1,158,303,15
"15_1_0_502","2023-04-30 18:30:33.963",1,2,911,97,322,16
"15_1_0_502","2023-04-30 18:30:33.963",1,2,3,69,322,16
"15_1_0_502","2023-04-30 18:30:33.963",1,2,1,135,322,16
"11_19_0_5","2023-04-30 18:30:35.063",1,6,3,124,301,15
"11_19_0_5","2023-04-30 18:30:35.063",1,6,911,70,301,15
"11_19_0_5","2023-04-30 18:30:35.063",1,6,1,91,301,15
"0_0_2_6","2023-04-30 18:30:44",1,3,1,154,304,15
"0_0_2_6","2023-04-30 18:30:44",1,3,3,88,304,15
"0_0_2_6","2023-04-30 18:30:44",1,3,911,46,304,15
"11_19_0_6","2023-04-30 18:30:47.214",1,9,3,80,301,15
"11_19_0_6","2023-04-30 18:30:47.214",1,9,911,90,301,15
"11_19_0_6","2023-04-30 18:30:47.214",1,9,1,114,301,15
"3_0_0_501","2023-04-30 18:31:46.437",1,9,1,49,310,15
"3_0_0_501","2023-04-30 18:31:46.437",1,9,3,204,310,15
"3_0_0_501","2023-04-30 18:31:46.437",1,9,911,44,310,15
"4_31_0_1","2023-04-30 18:32:20.831",1,3,1,164,304,15
"4_31_0_1","2023-04-30 18:32:20.831",1,3,911,80,304,15
"4_31_0_1","2023-04-30 18:32:20.831",1,3,3,51,304,15
"12_0_0_1","2023-04-30 18:32:24.208",1,15,911,42,305,15
"12_0_0_1","2023-04-30 18:32:24.208",1,15,3,82,305,15
"12_0_0_1","2023-04-30 18:32:24.208",1,15,1,164,305,15
"0_0_5_2","2023-04-30 18:33:03.577",1,8,1,161,308,15
"0_0_5_2","2023-04-30 18:33:03.577",1,8,911,35,308,15
"0_0_5_2","2023-04-30 18:33:03.577",1,8,3,87,308,15
"11_29_0_10","2023-04-30 18:33:06.451",1,2,3,108,322,16
"11_29_0_10","2023-04-30 18:33:06.451",1,2,1,116,322,16
"11_29_0_10","2023-04-30 18:33:06.451",1,2,911,82,322,16
"0_0_4_8","2023-04-30 18:33:54.293",1,3,911,24,303,15
"0_0_4_8","2023-04-30 18:33:54.293",1,3,1,178,303,15
"0_0_4_8","2023-04-30 18:33:54.293",1,3,3,87,303,15
"0_0_5_35","2023-04-30 18:34:37.678",1,7,1,143,301,15
"0_0_5_35","2023-04-30 18:34:37.678",1,7,3,62,301,15
"0_0_5_35","2023-04-30 18:34:37.678",1,7,911,76,301,15
"0_0_1_11","2023-04-30 18:36:01.189",1,3,3,103,304,15
"0_0_1_11","2023-04-30 18:36:01.189",1,3,911,33,304,15
"0_0_1_11","2023-04-30 18:36:01.189",1,3,1,142,304,15
"11_9_0_508","2023-04-30 18:36:05.344",1,2,1,161,307,15
"11_9_0_508","2023-04-30 18:36:05.344",1,2,911,66,307,15
"11_9_0_508","2023-04-30 18:36:05.344",1,2,3,60,307,15
"9_31_0_1","2023-04-30 18:36:25.89",1,9,1,256,345,17
"9_31_0_1","2023-04-30 18:36:25.89",1,9,3,65,345,17
"9_31_0_1","2023-04-30 18:36:25.89",1,9,911,16,345,17
"11_9_0_501","2023-04-30 18:36:32.104",1,12,3,104,302,15
"11_9_0_501","2023-04-30 18:36:32.104",1,12,1,131,302,15
"11_9_0_501","2023-04-30 18:36:32.104",1,12,911,51,302,15
"4_21_0_4","2023-04-30 18:36:39.404",1,3,3,56,310,15
"4_21_0_4","2023-04-30 18:36:39.404",1,3,911,72,310,15
"4_21_0_4","2023-04-30 18:36:39.404",1,3,1,172,310,15
"0_0_3_27","2023-04-30 18:36:57.578",1,26,3,64,370,18
"0_0_3_27","2023-04-30 18:36:57.578",1,26,1,204,370,18
"0_0_3_27","2023-04-30 18:36:57.578",1,26,911,76,370,18
"0_0_4_9","2023-04-30 18:37:02.252",1,9,3,85,301,15
"0_0_4_9","2023-04-30 18:37:02.252",1,9,911,31,301,15
"0_0_4_9","2023-04-30 18:37:02.252",1,9,1,167,301,15
"11_31_0_2","2023-04-30 18:37:09.683",1,10,911,72,305,15
"11_31_0_2","2023-04-30 18:37:09.683",1,10,1,126,305,15
"11_31_0_2","2023-04-30 18:37:09.683",1,10,3,86,305,15
"11_17_0_511","2023-04-30 18:37:17.641",1,4,911,79,312,15
"11_17_0_511","2023-04-30 18:37:17.641",1,4,1,144,312,15
"11_17_0_511","2023-04-30 18:37:17.641",1,4,3,68,312,15
"9_23_0_2","2023-04-30 18:38:07.712",1,2,911,43,327,16
"9_23_0_2","2023-04-30 18:38:07.712",1,2,3,53,327,16
"9_23_0_2","2023-04-30 18:38:07.712",1,2,1,215,327,16
"4_9_0_2","2023-04-30 18:38:31.167",1,4,3,55,301,15
"4_9_0_2","2023-04-30 18:38:31.167",1,4,911,35,301,15
"4_9_0_2","2023-04-30 18:38:31.167",1,4,1,195,301,15
"11_29_0_12","2023-04-30 18:38:56.72",1,2,1,99,307,15
"11_29_0_12","2023-04-30 18:38:56.72",1,2,911,78,307,15
"11_29_0_12","2023-04-30 18:38:56.72",1,2,3,114,307,15
"0_0_4_32","2023-04-30 18:38:59.794",1,2,1,145,303,15
"0_0_4_32","2023-04-30 18:38:59.794",1,2,3,79,303,15
"0_0_4_32","2023-04-30 18:38:59.794",1,2,911,46,303,15
"0_0_1_5","2023-04-30 18:39:20.104",1,5,911,27,319,15
"0_0_1_5","2023-04-30 18:39:20.104",1,5,1,169,319,15
"0_0_1_5","2023-04-30 18:39:20.104",1,5,3,96,319,15
"3_13_0_3","2023-04-30 18:39:57.16",1,9,1,130,302,15
"3_13_0_3","2023-04-30 18:39:57.16",1,9,911,72,302,15
"3_13_0_3","2023-04-30 18:39:57.16",1,9,3,83,302,15
"9_23_0_2","2023-04-30 18:40:13.851",1,1,3,42,323,16
"9_23_0_2","2023-04-30 18:40:13.851",1,1,911,40,323,16
"9_23_0_2","2023-04-30 18:40:13.851",1,1,1,232,323,16
"0_0_4_21","2023-04-30 18:40:34.425",1,2,911,25,303,15
"0_0_4_21","2023-04-30 18:40:34.425",1,2,3,76,303,15
"0_0_4_21","2023-04-30 18:40:34.425",1,2,1,177,303,15
"11_17_0_508","2023-04-30 18:40:58.255",1,4,3,56,301,15
"11_17_0_508","2023-04-30 18:40:58.255",1,4,1,144,301,15
"11_17_0_508","2023-04-30 18:40:58.255",1,4,911,78,301,15
"11_9_0_501","2023-04-30 18:41:22.21",1,14,3,75,302,15
"11_9_0_501","2023-04-30 18:41:22.21",1,14,911,64,302,15
"11_9_0_501","2023-04-30 18:41:22.21",1,14,1,143,302,15
"3_0_0_2","2023-04-30 18:41:44.733",1,31,911,58,303,15
"3_0_0_2","2023-04-30 18:41:44.733",1,31,3,118,303,15
"3_0_0_2","2023-04-30 18:41:44.733",1,31,1,109,303,15
"8_15_0_1","2023-04-30 18:42:32.935",1,4,1,166,306,15
"8_15_0_1","2023-04-30 18:42:32.935",1,4,911,30,306,15
"8_15_0_1","2023-04-30 18:42:32.935",1,4,3,97,306,15
"13_3_0_2","2023-04-30 18:42:34.69",1,5,3,90,303,15
"13_3_0_2","2023-04-30 18:42:34.69",1,5,911,63,303,15
"13_3_0_2","2023-04-30 18:42:34.69",1,5,1,141,303,15
"0_0_4_14","2023-04-30 18:42:36.418",1,3,1,166,301,15
"0_0_4_14","2023-04-30 18:42:36.418",1,3,3,79,301,15
"0_0_4_14","2023-04-30 18:42:36.418",1,3,911,38,301,15
"11_29_0_11","2023-04-30 18:42:40.523",1,1,3,116,317,15
"11_29_0_11","2023-04-30 18:42:40.523",1,1,911,63,317,15
"11_29_0_11","2023-04-30 18:42:40.523",1,1,1,125,317,15
"11_29_0_10","2023-04-30 18:42:45.033",1,3,1,130,351,17
"11_29_0_10","2023-04-30 18:42:45.033",1,3,911,86,351,17
"11_29_0_10","2023-04-30 18:42:45.033",1,3,3,116,351,17
"2_15_0_2","2023-04-30 18:42:59.949",1,8,1,209,310,15
"2_15_0_2","2023-04-30 18:42:59.949",1,8,911,41,310,15
"2_15_0_2","2023-04-30 18:42:59.949",1,8,3,46,310,15
"0_0_1_1","2023-04-30 18:43:11.794",1,13,911,54,313,15
"0_0_1_1","2023-04-30 18:43:11.794",1,13,1,179,313,15
"0_0_1_1","2023-04-30 18:43:11.794",1,13,3,60,313,15
"0_0_4_4","2023-04-30 18:43:27.625",1,7,1,174,311,15
"0_0_4_4","2023-04-30 18:43:27.625",1,7,911,24,311,15
"0_0_4_4","2023-04-30 18:43:27.625",1,7,3,92,311,15
"11_3_0_3","2023-04-30 18:43:38.498",1,7,911,41,301,15
"11_3_0_3","2023-04-30 18:43:38.498",1,7,3,91,301,15
"11_3_0_3","2023-04-30 18:43:38.498",1,7,1,144,301,15
"11_9_0_501","2023-04-30 18:43:49.433",1,7,911,67,307,15
"11_9_0_501","2023-04-30 18:43:49.433",1,7,3,66,307,15
"11_9_0_501","2023-04-30 18:43:49.433",1,7,1,162,307,15
"10_0_0_23","2023-04-30 18:43:54.547",1,4,911,92,302,15
"10_0_0_23","2023-04-30 18:43:54.547",1,4,3,52,302,15
"10_0_0_23","2023-04-30 18:43:54.547",1,4,1,148,302,15
"11_19_0_6","2023-04-30 18:44:14.173",1,19,911,72,302,15
"11_19_0_6","2023-04-30 18:44:14.173",1,19,3,93,302,15
"11_19_0_6","2023-04-30 18:44:14.173",1,19,1,119,302,15
"11_9_0_501","2023-04-30 18:44:45.939",1,13,911,46,306,15
"11_9_0_501","2023-04-30 18:44:45.939",1,13,1,167,306,15
"11_9_0_501","2023-04-30 18:44:45.939",1,13,3,79,306,15
"11_33_0_2","2023-04-30 18:45:04.836",1,11,911,73,306,15
"11_33_0_2","2023-04-30 18:45:04.836",1,11,3,99,306,15
"11_33_0_2","2023-04-30 18:45:04.836",1,11,1,118,306,15
"8_15_0_1","2023-04-30 18:45:27.868",1,3,1,185,306,15
"8_15_0_1","2023-04-30 18:45:27.868",1,3,3,88,306,15
"8_15_0_1","2023-04-30 18:45:27.868",1,3,911,18,306,15
"11_33_0_502","2023-04-30 18:45:33.74",1,1,1,136,301,15
"11_33_0_502","2023-04-30 18:45:33.74",1,1,911,41,301,15
"11_33_0_502","2023-04-30 18:45:33.74",1,1,3,110,301,15
"3_0_0_2","2023-04-30 18:45:51.832",1,17,911,62,305,15
"3_0_0_2","2023-04-30 18:45:51.832",1,17,1,97,305,15
"3_0_0_2","2023-04-30 18:45:51.832",1,17,3,133,305,15
"11_19_0_8","2023-04-30 18:46:23.565",1,3,911,56,302,15
"11_19_0_8","2023-04-30 18:46:23.565",1,3,1,153,302,15
"11_19_0_8","2023-04-30 18:46:23.565",1,3,3,57,302,15
"0_0_5_9","2023-04-30 18:46:50.727",1,2,3,98,321,16
"0_0_5_9","2023-04-30 18:46:50.727",1,2,1,133,321,16
"0_0_5_9","2023-04-30 18:46:50.727",1,2,911,44,321,16
"11_19_0_1","2023-04-30 18:47:51.998",1,22,3,83,325,16
"11_19_0_1","2023-04-30 18:47:51.998",1,22,911,92,325,16
"11_19_0_1","2023-04-30 18:47:51.998",1,22,1,108,325,16
"0_0_5_22","2023-04-30 18:48:02.774",1,6,1,165,304,15
"0_0_5_22","2023-04-30 18:48:02.774",1,6,911,62,304,15
"0_0_5_22","2023-04-30 18:48:02.774",1,6,3,61,304,15
"8_1_0_2","2023-04-30 18:48:41.007",1,12,1,189,302,15
"8_1_0_2","2023-04-30 18:48:41.007",1,12,911,30,302,15
"8_1_0_2","2023-04-30 18:48:41.007",1,12,3,69,302,15
"12_13_0_1","2023-04-30 18:48:45.089",1,1,1,126,307,15
"12_13_0_1","2023-04-30 18:48:45.089",1,1,3,139,307,15
"12_13_0_1","2023-04-30 18:48:45.089",1,1,911,19,307,15
"11_9_0_501","2023-04-30 18:49:19.916",1,10,1,141,308,15
"11_9_0_501","2023-04-30 18:49:19.916",1,10,3,100,308,15
"11_9_0_501","2023-04-30 18:49:19.916",1,10,911,54,308,15
"11_9_0_511","2023-04-30 18:49:41.565",1,4,3,75,310,15
"11_9_0_511","2023-04-30 18:49:41.565",1,4,1,123,310,15
"11_9_0_511","2023-04-30 18:49:41.565",1,4,911,92,310,15
"0_0_3_13","2023-04-30 18:50:04.228",1,6,1,169,302,15
"0_0_3_13","2023-04-30 18:50:04.228",1,6,911,49,302,15
"0_0_3_13","2023-04-30 18:50:04.228",1,6,3,63,302,15
"11_13_0_15","2023-04-30 18:50:16.341",1,2,1,134,301,15
"11_13_0_15","2023-04-30 18:50:16.341",1,2,3,107,301,15
"11_13_0_15","2023-04-30 18:50:16.341",1,2,911,39,301,15
"11_1_0_507","2023-04-30 18:50:22.75",1,10,1,126,321,16
"11_1_0_507","2023-04-30 18:50:22.75",1,10,3,60,321,16
"11_1_0_507","2023-04-30 18:50:22.75",1,10,911,108,321,16
"8_11_0_501","2023-04-30 18:50:41.02",1,1,3,151,337,16
"8_11_0_501","2023-04-30 18:50:41.02",1,1,1,154,337,16
"8_11_0_501","2023-04-30 18:50:41.02",1,1,911,19,337,16
"3_27_0_1","2023-04-30 18:50:51.749",1,18,1,175,324,16
"3_27_0_1","2023-04-30 18:50:51.749",1,18,3,86,324,16
"3_27_0_1","2023-04-30 18:50:51.749",1,18,911,52,324,16
"8_1_0_2","2023-04-30 18:51:10.58",1,10,3,64,303,15
"8_1_0_2","2023-04-30 18:51:10.58",1,10,911,25,303,15
"8_1_0_2","2023-04-30 18:51:10.58",1,10,1,197,303,15
"0_0_5_22","2023-04-30 18:51:59.045",1,3,1,172,311,15
"0_0_5_22","2023-04-30 18:51:59.045",1,3,3,48,311,15
"0_0_5_22","2023-04-30 18:51:59.045",1,3,911,67,311,15
"11_23_0_11","2023-04-30 18:52:38.831",1,9,1,142,320,16
"11_23_0_11","2023-04-30 18:52:38.831",1,9,3,63,320,16
"11_23_0_11","2023-04-30 18:52:38.831",1,9,911,96,320,16
"3_11_0_1","2023-04-30 18:52:39.585",1,1,1,152,302,15
"3_11_0_1","2023-04-30 18:52:39.585",1,1,3,88,302,15
"3_11_0_1","2023-04-30 18:52:39.585",1,1,911,41,302,15
"3_11_0_2","2023-04-30 18:52:40.823",1,5,3,95,316,15
"3_11_0_2","2023-04-30 18:52:40.823",1,5,911,57,316,15
"3_11_0_2","2023-04-30 18:52:40.823",1,5,1,150,316,15
"8_1_0_501","2023-04-30 18:52:57.021",1,1,3,74,342,17
"8_1_0_501","2023-04-30 18:52:57.021",1,1,1,235,342,17
"8_1_0_501","2023-04-30 18:52:57.021",1,1,911,20,342,17
"11_9_0_508","2023-04-30 18:54:06.502",1,3,1,129,321,16
"11_9_0_508","2023-04-30 18:54:06.502",1,3,911,94,321,16
"11_9_0_508","2023-04-30 18:54:06.502",1,3,3,68,321,16
"3_21_0_1","2023-04-30 18:55:06.094",1,3,1,167,323,16
"3_21_0_1","2023-04-30 18:55:06.094",1,3,3,109,323,16
"3_21_0_1","2023-04-30 18:55:06.094",1,3,911,34,323,16
"0_0_1_15","2023-04-30 18:55:48.93",1,12,3,83,310,15
"0_0_1_15","2023-04-30 18:55:48.93",1,12,1,152,310,15
"0_0_1_15","2023-04-30 18:55:48.93",1,12,911,49,310,15
"0_0_5_2","2023-04-30 18:55:52.02",1,6,1,175,311,15
"0_0_5_2","2023-04-30 18:55:52.02",1,6,3,76,311,15
"0_0_5_2","2023-04-30 18:55:52.02",1,6,911,27,311,15
"8_15_0_1","2023-04-30 18:56:04.25",1,5,3,119,322,16
"8_15_0_1","2023-04-30 18:56:04.25",1,5,1,151,322,16
"8_15_0_1","2023-04-30 18:56:04.25",1,5,911,41,322,16
"11_15_0_509","2023-04-30 18:56:18.929",1,1,1,52,310,15
"11_15_0_509","2023-04-30 18:56:18.929",1,1,3,161,310,15
"11_15_0_509","2023-04-30 18:56:18.929",1,1,911,82,310,15
"11_5_0_1","2023-04-30 18:56:36.85",1,36,1,201,302,15
"11_5_0_1","2023-04-30 18:56:36.85",1,36,911,41,302,15
"11_5_0_1","2023-04-30 18:56:36.85",1,36,3,35,302,15
"11_9_0_508","2023-04-30 18:56:37.526",1,4,3,60,323,16
"11_9_0_508","2023-04-30 18:56:37.526",1,4,911,78,323,16
"11_9_0_508","2023-04-30 18:56:37.526",1,4,1,167,323,16
"0_0_4_4","2023-04-30 18:56:54.58",1,14,911,31,322,16
"0_0_4_4","2023-04-30 18:56:54.58",1,14,1,159,322,16
"0_0_4_4","2023-04-30 18:56:54.58",1,14,3,107,322,16
"8_9_0_2","2023-04-30 18:57:24.846",1,3,3,85,305,15
"8_9_0_2","2023-04-30 18:57:24.846",1,3,1,191,305,15
"8_9_0_2","2023-04-30 18:57:24.846",1,3,911,17,305,15
"3_0_0_501","2023-04-30 18:57:38.117",1,1,1,54,306,15
"3_0_0_501","2023-04-30 18:57:38.117",1,1,3,205,306,15
"3_0_0_501","2023-04-30 18:57:38.117",1,1,911,38,306,15
"11_17_0_2","2023-04-30 18:57:51.244",1,5,1,127,305,15
"11_17_0_2","2023-04-30 18:57:51.244",1,5,911,64,305,15
"11_17_0_2","2023-04-30 18:57:51.244",1,5,3,89,305,15
"3_0_0_501","2023-04-30 18:57:59.625",1,4,1,33,310,15
"3_0_0_501","2023-04-30 18:57:59.625",1,4,3,224,310,15
"3_0_0_501","2023-04-30 18:57:59.625",1,4,911,42,310,15
"11_0_0_508","2023-04-30 18:58:07.013",1,1,911,77,305,15
"11_0_0_508","2023-04-30 18:58:07.013",1,1,3,68,305,15
"11_0_0_508","2023-04-30 18:58:07.013",1,1,1,137,305,15
"11_19_0_2","2023-04-30 18:58:46.173",1,17,3,94,306,15
"11_19_0_2","2023-04-30 18:58:46.173",1,17,911,93,306,15
"11_19_0_2","2023-04-30 18:58:46.173",1,17,1,92,306,15
"0_0_4_13","2023-04-30 18:58:50.244",1,8,3,94,316,15
"0_0_4_13","2023-04-30 18:58:50.244",1,8,1,181,316,15
"0_0_4_13","2023-04-30 18:58:50.244",1,8,911,21,316,15
"3_0_0_2","2023-04-30 18:58:52.074",1,3,3,113,302,15
"3_0_0_2","2023-04-30 18:58:52.074",1,3,1,99,302,15
"3_0_0_2","2023-04-30 18:58:52.074",1,3,911,50,302,15
"11_9_0_501","2023-04-30 18:59:28.724",1,15,1,159,317,15
"11_9_0_501","2023-04-30 18:59:28.724",1,15,3,73,317,15
"11_9_0_501","2023-04-30 18:59:28.724",1,15,911,73,317,15
"0_0_3_30","2023-04-30 18:59:53.75",1,6,1,172,314,15
"0_0_3_30","2023-04-30 18:59:53.75",1,6,911,47,314,15
"0_0_3_30","2023-04-30 18:59:53.75",1,6,3,72,314,15
"10_0_0_23","2023-04-30 19:01:38.971",1,2,911,108,302,15
"10_0_0_23","2023-04-30 19:01:38.971",1,2,1,140,302,15
"10_0_0_23","2023-04-30 19:01:38.971",1,2,3,41,302,15
"11_5_0_1","2023-04-30 19:01:50.019",1,28,1,153,303,15
"11_5_0_1","2023-04-30 19:01:50.019",1,28,911,83,303,15
"11_5_0_1","2023-04-30 19:01:50.019",1,28,3,57,303,15
"3_25_0_1","2023-04-30 19:02:03.755",1,4,1,184,311,15
"3_25_0_1","2023-04-30 19:02:03.755",1,4,3,82,311,15
"3_25_0_1","2023-04-30 19:02:03.755",1,4,911,32,311,15
"9_5_0_503","2023-04-30 19:02:18.595",1,6,911,45,325,16
"9_5_0_503","2023-04-30 19:02:18.595",1,6,1,108,325,16
"9_5_0_503","2023-04-30 19:02:18.595",1,6,3,156,325,16
"11_9_0_501","2023-04-30 19:02:26.351",1,2,911,75,303,15
"11_9_0_501","2023-04-30 19:02:26.351",1,2,1,150,303,15
"11_9_0_501","2023-04-30 19:02:26.351",1,2,3,57,303,15
"4_9_0_2","2023-04-30 19:02:27.983",1,1,1,231,311,15
"4_9_0_2","2023-04-30 19:02:27.983",1,1,911,26,311,15
"4_9_0_2","2023-04-30 19:02:27.983",1,1,3,36,311,15
"3_0_0_501","2023-04-30 19:02:47.706",1,5,3,190,310,15
"3_0_0_501","2023-04-30 19:02:47.706",1,5,1,75,310,15
"3_0_0_501","2023-04-30 19:02:47.706",1,5,911,36,310,15
"0_0_1_22","2023-04-30 19:03:01.036",1,1,911,36,322,16
"0_0_1_22","2023-04-30 19:03:01.036",1,1,3,140,322,16
"0_0_1_22","2023-04-30 19:03:01.036",1,1,1,128,322,16
"0_0_5_9","2023-04-30 19:03:36.35",1,9,911,60,305,15
"0_0_5_9","2023-04-30 19:03:36.35",1,9,1,124,305,15
"0_0_5_9","2023-04-30 19:03:36.35",1,9,3,93,305,15
"11_19_0_3","2023-04-30 19:03:43.449",1,13,1,145,301,15
"11_19_0_3","2023-04-30 19:03:43.449",1,13,911,72,301,15
"11_19_0_3","2023-04-30 19:03:43.449",1,13,3,61,301,15
"0_0_5_22","2023-04-30 19:04:17.963",1,9,1,154,308,15
"0_0_5_22","2023-04-30 19:04:17.963",1,9,3,67,308,15
"0_0_5_22","2023-04-30 19:04:17.963",1,9,911,57,308,15
"8_7_0_1","2023-04-30 19:04:22.104",1,4,911,8,331,16
"8_7_0_1","2023-04-30 19:04:22.104",1,4,3,158,331,16
"8_7_0_1","2023-04-30 19:04:22.104",1,4,1,155,331,16
"0_0_3_26","2023-04-30 19:04:30.493",1,4,1,147,307,15
"0_0_3_26","2023-04-30 19:04:30.493",1,4,3,97,307,15
"0_0_3_26","2023-04-30 19:04:30.493",1,4,911,36,307,15
"10_0_0_23","2023-04-30 19:04:43.975",1,1,1,160,314,15
"10_0_0_23","2023-04-30 19:04:43.975",1,1,911,103,314,15
"10_0_0_23","2023-04-30 19:04:43.975",1,1,3,34,314,15
"0_0_3_4","2023-04-30 19:04:49.478",1,9,911,52,317,15
"0_0_3_4","2023-04-30 19:04:49.478",1,9,1,153,317,15
"0_0_3_4","2023-04-30 19:04:49.478",1,9,3,89,317,15
"7_25_0_1","2023-04-30 19:04:49.976",1,24,911,47,312,15
"7_25_0_1","2023-04-30 19:04:49.976",1,24,1,150,312,15
"7_25_0_1","2023-04-30 19:04:49.976",1,24,3,72,312,15
"12_25_0_1","2023-04-30 19:04:59.252",1,3,911,23,348,17
"12_25_0_1","2023-04-30 19:04:59.252",1,3,1,284,348,17
"12_25_0_1","2023-04-30 19:04:59.252",1,3,3,39,348,17
"12_19_0_1","2023-04-30 19:05:36.013",1,2,1,115,302,15
"12_19_0_1","2023-04-30 19:05:36.013",1,2,3,143,302,15
"12_19_0_1","2023-04-30 19:05:36.013",1,2,911,12,302,15
"3_11_0_1","2023-04-30 19:06:01.198",1,11,3,110,301,15
"3_11_0_1","2023-04-30 19:06:01.198",1,11,911,59,301,15
"3_11_0_1","2023-04-30 19:06:01.198",1,11,1,114,301,15
"11_13_0_14","2023-04-30 19:06:48.059",1,5,3,93,309,15
"11_13_0_14","2023-04-30 19:06:48.059",1,5,1,155,309,15
"11_13_0_14","2023-04-30 19:06:48.059",1,5,911,45,309,15
"7_0_0_4","2023-04-30 19:06:49.98",1,35,911,53,320,16
"7_0_0_4","2023-04-30 19:06:49.98",1,35,3,76,320,16
"7_0_0_4","2023-04-30 19:06:49.98",1,35,1,172,320,16
"11_17_0_2","2023-04-30 19:07:00.419",1,9,1,167,306,15
"11_17_0_2","2023-04-30 19:07:00.419",1,9,911,41,306,15
"11_17_0_2","2023-04-30 19:07:00.419",1,9,3,70,306,15
"12_0_0_1","2023-04-30 19:08:07.428",1,28,3,111,343,17
"12_0_0_1","2023-04-30 19:08:07.428",1,28,1,160,343,17
"12_0_0_1","2023-04-30 19:08:07.428",1,28,911,51,343,17
"3_0_0_2","2023-04-30 19:08:14.213",1,32,1,85,302,15
"3_0_0_2","2023-04-30 19:08:14.213",1,32,3,152,302,15
"3_0_0_2","2023-04-30 19:08:14.213",1,32,911,42,302,15
"10_0_0_22","2023-04-30 19:08:23.746",1,1,3,49,302,15
"10_0_0_22","2023-04-30 19:08:23.746",1,1,1,125,302,15
"10_0_0_22","2023-04-30 19:08:23.746",1,1,911,115,302,15
"0_0_4_10","2023-04-30 19:09:14.092",1,2,1,169,336,16
"0_0_4_10","2023-04-30 19:09:14.092",1,2,3,91,336,16
"0_0_4_10","2023-04-30 19:09:14.092",1,2,911,44,336,16
"11_0_0_507","2023-04-30 19:09:18.373",1,3,3,56,306,15
"11_0_0_507","2023-04-30 19:09:18.373",1,3,1,130,306,15
"11_0_0_507","2023-04-30 19:09:18.373",1,3,911,114,306,15
"3_11_0_501","2023-04-30 19:09:37.084",1,2,911,39,310,15
"3_11_0_501","2023-04-30 19:09:37.084",1,2,3,126,310,15
"3_11_0_501","2023-04-30 19:09:37.084",1,2,1,121,310,15
"0_0_5_22","2023-04-30 19:09:38.849",1,8,911,65,308,15
"0_0_5_22","2023-04-30 19:09:38.849",1,8,1,153,308,15
"0_0_5_22","2023-04-30 19:09:38.849",1,8,3,67,308,15
"11_17_0_511","2023-04-30 19:10:09.312",1,10,1,139,304,15
"11_17_0_511","2023-04-30 19:10:09.312",1,10,3,61,304,15
"11_17_0_511","2023-04-30 19:10:09.312",1,10,911,70,304,15
"3_35_0_1","2023-04-30 19:10:43.453",1,13,911,52,330,16
"3_35_0_1","2023-04-30 19:10:43.453",1,13,1,119,330,16
"3_35_0_1","2023-04-30 19:10:43.453",1,13,3,141,330,16
"11_0_0_507","2023-04-30 19:10:45.058",1,4,1,127,302,15
"11_0_0_507","2023-04-30 19:10:45.058",1,4,3,62,302,15
"11_0_0_507","2023-04-30 19:10:45.058",1,4,911,97,302,15
"11_23_0_9","2023-04-30 19:10:51.732",1,13,1,122,303,15
"11_23_0_9","2023-04-30 19:10:51.732",1,13,3,77,303,15
"11_23_0_9","2023-04-30 19:10:51.732",1,13,911,82,303,15
"10_0_0_21","2023-04-30 19:10:59.985",1,1,1,141,313,15
"10_0_0_21","2023-04-30 19:10:59.985",1,1,911,83,313,15
"10_0_0_21","2023-04-30 19:10:59.985",1,1,3,64,313,15
"11_13_0_9","2023-04-30 19:11:37.482",1,16,3,70,306,15
"11_13_0_9","2023-04-30 19:11:37.482",1,16,911,74,306,15
"11_13_0_9","2023-04-30 19:11:37.482",1,16,1,138,306,15
"11_9_0_504","2023-04-30 19:11:47.045",1,4,1,106,303,15
"11_9_0_504","2023-04-30 19:11:47.045",1,4,3,123,303,15
"11_9_0_504","2023-04-30 19:11:47.045",1,4,911,60,303,15
"3_11_0_501","2023-04-30 19:12:21.492",1,1,911,42,312,15
"3_11_0_501","2023-04-30 19:12:21.492",1,1,1,153,312,15
"3_11_0_501","2023-04-30 19:12:21.492",1,1,3,92,312,15
"0_0_5_22","2023-04-30 19:12:35.619",1,10,911,71,306,15
"0_0_5_22","2023-04-30 19:12:35.619",1,10,3,61,306,15
"0_0_5_22","2023-04-30 19:12:35.619",1,10,1,143,306,15
"8_1_0_501","2023-04-30 19:12:38.129",1,2,3,85,320,16
"8_1_0_501","2023-04-30 19:12:38.129",1,2,911,17,320,16
"8_1_0_501","2023-04-30 19:12:38.129",1,2,1,201,320,16
"3_7_0_1","2023-04-30 19:12:59.437",1,1,3,123,303,15
"3_7_0_1","2023-04-30 19:12:59.437",1,1,911,32,303,15
"3_7_0_1","2023-04-30 19:12:59.437",1,1,1,139,303,15
"4_0_0_12","2023-04-30 19:13:09.197",1,7,3,97,350,17
"4_0_0_12","2023-04-30 19:13:09.197",1,7,1,151,350,17
"4_0_0_12","2023-04-30 19:13:09.197",1,7,911,89,350,17
"11_31_0_2","2023-04-30 19:14:05.985",1,1,3,94,305,15
"11_31_0_2","2023-04-30 19:14:05.985",1,1,911,76,305,15
"11_31_0_2","2023-04-30 19:14:05.985",1,1,1,111,305,15
"0_0_4_21","2023-04-30 19:14:19.133",1,7,1,171,304,15
"0_0_4_21","2023-04-30 19:14:19.133",1,7,3,69,304,15
"0_0_4_21","2023-04-30 19:14:19.133",1,7,911,34,304,15
"10_19_0_1","2023-04-30 19:14:21.401",1,19,1,76,301,15
"10_19_0_1","2023-04-30 19:14:21.401",1,19,3,74,301,15
"10_19_0_1","2023-04-30 19:14:21.401",1,19,911,133,301,15
"4_0_0_4","2023-04-30 19:14:41.338",1,7,3,111,323,16
"4_0_0_4","2023-04-30 19:14:41.338",1,7,1,125,323,16
"4_0_0_4","2023-04-30 19:14:41.338",1,7,911,69,323,16
"14_14_0_1","2023-04-30 19:18:11.942",1,3,3,20,308,15
"14_14_0_1","2023-04-30 19:18:11.942",1,3,911,39,308,15
"14_14_0_1","2023-04-30 19:18:11.942",1,3,1,231,308,15
"11_0_0_505","2023-04-30 19:19:02.615",1,7,1,85,301,15
"11_0_0_505","2023-04-30 19:19:02.615",1,7,911,73,301,15
"11_0_0_505","2023-04-30 19:19:02.615",1,7,3,126,301,15
"11_31_0_2","2023-04-30 19:19:11.743",1,9,911,83,308,15
"11_31_0_2","2023-04-30 19:19:11.743",1,9,3,85,308,15
"11_31_0_2","2023-04-30 19:19:11.743",1,9,1,127,308,15
"11_31_0_2","2023-04-30 19:20:33.741",1,7,911,78,303,15
"11_31_0_2","2023-04-30 19:20:33.741",1,7,3,65,303,15
"11_31_0_2","2023-04-30 19:20:33.741",1,7,1,138,303,15
"8_7_0_1","2023-04-30 19:21:10.136",1,2,1,136,301,15
"8_7_0_1","2023-04-30 19:21:10.136",1,2,911,13,301,15
"8_7_0_1","2023-04-30 19:21:10.136",1,2,3,142,301,15
"11_3_0_12","2023-04-30 19:21:39.779",1,18,1,133,322,16
"11_3_0_12","2023-04-30 19:21:39.779",1,18,911,68,322,16
"11_3_0_12","2023-04-30 19:21:39.779",1,18,3,100,322,16
"11_0_0_1","2023-04-30 19:21:49.698",1,13,911,69,312,15
"11_0_0_1","2023-04-30 19:21:49.698",1,13,3,91,312,15
"11_0_0_1","2023-04-30 19:21:49.698",1,13,1,134,312,15
"2_21_0_4","2023-04-30 19:21:50.386",1,14,1,144,305,15
"2_21_0_4","2023-04-30 19:21:50.386",1,14,3,61,305,15
"2_21_0_4","2023-04-30 19:21:50.386",1,14,911,79,305,15
"11_3_0_15","2023-04-30 19:22:55.196",1,11,1,103,344,17
"11_3_0_15","2023-04-30 19:22:55.196",1,11,911,89,344,17
"11_3_0_15","2023-04-30 19:22:55.196",1,11,3,132,344,17
"10_5_0_2","2023-04-30 19:23:04.57",1,25,911,116,303,15
"10_5_0_2","2023-04-30 19:23:04.57",1,25,3,58,303,15
"10_5_0_2","2023-04-30 19:23:04.57",1,25,1,109,303,15
"6_15_0_501","2023-04-30 19:23:12.733",1,4,911,74,329,16
"6_15_0_501","2023-04-30 19:23:12.733",1,4,3,27,329,16
"6_15_0_501","2023-04-30 19:23:12.733",1,4,1,223,329,16
"11_13_0_14","2023-04-30 19:23:32.773",1,14,1,139,306,15
"11_13_0_14","2023-04-30 19:23:32.773",1,14,3,97,306,15
"11_13_0_14","2023-04-30 19:23:32.773",1,14,911,48,306,15
"12_0_0_3","2023-04-30 19:23:55.031",1,6,3,102,312,15
"12_0_0_3","2023-04-30 19:23:55.031",1,6,1,138,312,15
"12_0_0_3","2023-04-30 19:23:55.031",1,6,911,47,312,15
"10_0_0_2","2023-04-30 19:24:14.513",1,2,911,54,301,15
"10_0_0_2","2023-04-30 19:24:14.513",1,2,3,97,301,15
"10_0_0_2","2023-04-30 19:24:14.513",1,2,1,132,301,15
"11_17_0_7","2023-04-30 19:28:13.079",1,13,1,167,309,15
"11_17_0_7","2023-04-30 19:28:13.079",1,13,911,47,309,15
"11_17_0_7","2023-04-30 19:28:13.079",1,13,3,71,309,15
"6_9_0_2","2023-04-30 19:28:18.294",1,1,1,212,357,17
"6_9_0_2","2023-04-30 19:28:18.294",1,1,911,60,357,17
"6_9_0_2","2023-04-30 19:28:18.294",1,1,3,72,357,17
"0_0_6_1","2023-04-30 19:29:38.797",1,10,911,48,328,16
"0_0_6_1","2023-04-30 19:29:38.797",1,10,1,176,328,16
"0_0_6_1","2023-04-30 19:29:38.797",1,10,3,80,328,16
"10_0_0_21","2023-04-30 19:29:49.757",1,6,911,87,302,15
"10_0_0_21","2023-04-30 19:29:49.757",1,6,1,127,302,15
"10_0_0_21","2023-04-30 19:29:49.757",1,6,3,70,302,15
"17_4_1_501","2023-04-30 19:29:50.863",1,2,3,69,342,17
"17_4_1_501","2023-04-30 19:29:50.863",1,2,1,208,342,17
"17_4_1_501","2023-04-30 19:29:50.863",1,2,911,2,342,17
"3_0_0_2","2023-04-30 19:29:55.74",1,42,911,52,310,15
"3_0_0_2","2023-04-30 19:29:55.74",1,42,1,110,310,15
"3_0_0_2","2023-04-30 19:29:55.74",1,42,3,121,310,15
"11_17_0_7","2023-04-30 19:30:52.412",1,4,1,189,307,15
"11_17_0_7","2023-04-30 19:30:52.412",1,4,3,56,307,15
"11_17_0_7","2023-04-30 19:30:52.412",1,4,911,36,307,15
"6_3_0_501","2023-04-30 19:32:03.61",1,3,3,113,314,15
"6_3_0_501","2023-04-30 19:32:03.61",1,3,911,37,314,15
"6_3_0_501","2023-04-30 19:32:03.61",1,3,1,158,314,15
"11_29_0_11","2023-04-30 19:32:04.915",1,2,3,142,389,19
"11_29_0_11","2023-04-30 19:32:04.915",1,2,911,86,389,19
"11_29_0_11","2023-04-30 19:32:04.915",1,2,1,145,389,19
"3_29_0_1","2023-04-30 19:32:11.239",1,22,3,92,311,15
"3_29_0_1","2023-04-30 19:32:11.239",1,22,1,156,311,15
"3_29_0_1","2023-04-30 19:32:11.239",1,22,911,54,311,15
"11_7_0_505","2023-04-30 19:33:06.437",1,7,1,84,307,15
"11_7_0_505","2023-04-30 19:33:06.437",1,7,911,45,307,15
"11_7_0_505","2023-04-30 19:33:06.437",1,7,3,167,307,15
"11_0_0_505","2023-04-30 19:34:18.156",1,9,1,115,318,15
"11_0_0_505","2023-04-30 19:34:18.156",1,9,911,55,318,15
"11_0_0_505","2023-04-30 19:34:18.156",1,9,3,121,318,15
"11_5_0_1","2023-04-30 19:34:23.901",1,39,1,160,307,15
"11_5_0_1","2023-04-30 19:34:23.901",1,39,911,72,307,15
"11_5_0_1","2023-04-30 19:34:23.901",1,39,3,53,307,15
"11_17_0_10","2023-04-30 19:34:58.878",1,10,911,71,310,15
"11_17_0_10","2023-04-30 19:34:58.878",1,10,3,85,310,15
"11_17_0_10","2023-04-30 19:34:58.878",1,10,1,128,310,15
"11_17_0_7","2023-04-30 19:36:05.637",1,10,1,179,307,15
"11_17_0_7","2023-04-30 19:36:05.637",1,10,911,37,307,15
"11_17_0_7","2023-04-30 19:36:05.637",1,10,3,71,307,15
"10_0_0_21","2023-04-30 19:36:41.968",1,8,911,81,305,15
"10_0_0_21","2023-04-30 19:36:41.968",1,8,3,64,305,15
"10_0_0_21","2023-04-30 19:36:41.968",1,8,1,137,305,15
"13_3_0_5","2023-04-30 19:36:50.603",1,4,911,42,310,15
"13_3_0_5","2023-04-30 19:36:50.603",1,4,3,77,310,15
"13_3_0_5","2023-04-30 19:36:50.603",1,4,1,166,310,15
"7_5_0_502","2023-04-30 19:37:02.159",1,8,3,78,304,15
"7_5_0_502","2023-04-30 19:37:02.159",1,8,1,111,304,15
"7_5_0_502","2023-04-30 19:37:02.159",1,8,911,84,304,15
"8_0_0_3","2023-04-30 19:38:15.503",1,2,1,146,309,15
"8_0_0_3","2023-04-30 19:38:15.503",1,2,911,29,309,15
"8_0_0_3","2023-04-30 19:38:15.503",1,2,3,126,309,15
"11_1_0_6","2023-04-30 19:39:22.877",1,21,1,137,325,16
"11_1_0_6","2023-04-30 19:39:22.877",1,21,3,74,325,16
"11_1_0_6","2023-04-30 19:39:22.877",1,21,911,90,325,16
"8_15_0_1","2023-04-30 19:43:28.484",1,2,1,149,302,15
"8_15_0_1","2023-04-30 19:43:28.484",1,2,911,28,302,15
"8_15_0_1","2023-04-30 19:43:28.484",1,2,3,115,302,15
"10_0_0_21","2023-04-30 19:45:10.53",1,2,911,82,302,15
"10_0_0_21","2023-04-30 19:45:10.53",1,2,3,64,302,15
"10_0_0_21","2023-04-30 19:45:10.53",1,2,1,142,302,15
"11_13_0_17","2023-04-30 19:46:15.613",1,10,1,127,323,16
"11_13_0_17","2023-04-30 19:46:15.613",1,10,3,111,323,16
"11_13_0_17","2023-04-30 19:46:15.613",1,10,911,60,323,16
"15_0_0_3","2023-04-30 19:46:34.126",1,15,1,118,314,15
"15_0_0_3","2023-04-30 19:46:34.126",1,15,911,111,314,15
"15_0_0_3","2023-04-30 19:46:34.126",1,15,3,61,314,15
"11_13_0_20","2023-04-30 19:46:47.102",1,4,1,155,342,17
"11_13_0_20","2023-04-30 19:46:47.102",1,4,3,105,342,17
"11_13_0_20","2023-04-30 19:46:47.102",1,4,911,51,342,17
"11_17_0_5","2023-04-30 19:48:46.363",1,19,911,74,320,16
"11_17_0_5","2023-04-30 19:48:46.363",1,19,3,90,320,16
"11_17_0_5","2023-04-30 19:48:46.363",1,19,1,136,320,16
"11_27_0_15","2023-04-30 19:48:46.747",1,10,3,86,332,16
"11_27_0_15","2023-04-30 19:48:46.747",1,10,1,150,332,16
"11_27_0_15","2023-04-30 19:48:46.747",1,10,911,59,332,16
"11_7_0_3","2023-04-30 19:48:57.639",1,19,911,63,346,17
"11_7_0_3","2023-04-30 19:48:57.639",1,19,3,130,346,17
"11_7_0_3","2023-04-30 19:48:57.639",1,19,1,129,346,17
"11_29_0_5","2023-04-30 19:49:22.447",1,21,3,107,312,15
"11_29_0_5","2023-04-30 19:49:22.447",1,21,1,102,312,15
"11_29_0_5","2023-04-30 19:49:22.447",1,21,911,79,312,15
"1_3_0_501","2023-04-30 19:51:04.176",1,1,911,18,324,16
"1_3_0_501","2023-04-30 19:51:04.176",1,1,3,258,324,16
"1_3_0_501","2023-04-30 19:51:04.176",1,1,1,38,324,16
"11_17_0_7","2023-04-30 19:51:36.614",1,5,911,50,303,15
"11_17_0_7","2023-04-30 19:51:36.614",1,5,3,57,303,15
"11_17_0_7","2023-04-30 19:51:36.614",1,5,1,171,303,15
"3_11_0_2","2023-04-30 19:53:15.479",1,6,1,125,306,15
"3_11_0_2","2023-04-30 19:53:15.479",1,6,911,58,306,15
"3_11_0_2","2023-04-30 19:53:15.479",1,6,3,102,306,15
"11_27_0_10","2023-04-30 19:54:12.547",1,16,3,80,307,15
"11_27_0_10","2023-04-30 19:54:12.547",1,16,911,56,307,15
"11_27_0_10","2023-04-30 19:54:12.547",1,16,1,146,307,15
"11_29_0_9","2023-04-30 19:59:56.988",1,6,1,87,302,15
"11_29_0_9","2023-04-30 19:59:56.988",1,6,3,79,302,15
"11_29_0_9","2023-04-30 19:59:56.988",1,6,911,121,302,15
"3_7_0_1","2023-04-30 20:00:12.098",1,3,1,141,306,15
"3_7_0_1","2023-04-30 20:00:12.098",1,3,911,37,306,15
"3_7_0_1","2023-04-30 20:00:12.098",1,3,3,114,306,15
"4_23_0_1","2023-04-30 20:00:24.785",1,9,3,82,325,16
"4_23_0_1","2023-04-30 20:00:24.785",1,9,1,187,325,16
"4_23_0_1","2023-04-30 20:00:24.785",1,9,911,34,325,16
"8_5_0_502","2023-04-30 20:00:44.904",1,1,911,18,313,15
"8_5_0_502","2023-04-30 20:00:44.904",1,1,1,208,313,15
"8_5_0_502","2023-04-30 20:00:44.904",1,1,3,74,313,15
"11_17_0_508","2023-04-30 20:01:06.411",1,10,3,84,304,15
"11_17_0_508","2023-04-30 20:01:06.411",1,10,911,89,304,15
"11_17_0_508","2023-04-30 20:01:06.411",1,10,1,101,304,15
"11_9_0_508","2023-04-30 20:04:03.921",1,5,911,79,368,18
"11_9_0_508","2023-04-30 20:04:03.921",1,5,3,66,368,18
"11_9_0_508","2023-04-30 20:04:03.921",1,5,1,207,368,18
"11_3_0_8","2023-04-30 20:04:51.397",1,13,1,184,352,17
"11_3_0_8","2023-04-30 20:04:51.397",1,13,911,59,352,17
"11_3_0_8","2023-04-30 20:04:51.397",1,13,3,88,352,17
"17_4_1_501","2023-04-30 20:05:06.095",1,1,1,209,347,17
"17_4_1_501","2023-04-30 20:05:06.095",1,1,3,70,347,17
"17_4_1_501","2023-04-30 20:05:06.095",1,1,911,4,347,17
"17_3_4_511","2023-04-30 20:05:09.056",1,1,3,168,343,17
"17_3_4_511","2023-04-30 20:05:09.056",1,1,911,5,343,17
"17_3_4_511","2023-04-30 20:05:09.056",1,1,1,21,343,17
"11_29_0_1","2023-04-30 20:05:38.499",1,16,1,124,321,16
"11_29_0_1","2023-04-30 20:05:38.499",1,16,911,80,321,16
"11_29_0_1","2023-04-30 20:05:38.499",1,16,3,104,321,16
"10_0_0_16","2023-04-30 20:05:39.363",1,26,911,126,308,15
"10_0_0_16","2023-04-30 20:05:39.363",1,26,3,46,308,15
"10_0_0_16","2023-04-30 20:05:39.363",1,26,1,109,308,15
"10_0_0_20","2023-04-30 20:06:48.976",1,23,1,99,351,17
"10_0_0_20","2023-04-30 20:06:48.976",1,23,911,136,351,17
"10_0_0_20","2023-04-30 20:06:48.976",1,23,3,91,351,17
"8_0_0_1","2023-04-30 20:07:01.056",1,15,1,194,347,17
"8_0_0_1","2023-04-30 20:07:01.056",1,15,911,11,347,17
"8_0_0_1","2023-04-30 20:07:01.056",1,15,3,132,347,17
"11_29_0_4","2023-04-30 20:07:15.108",1,4,3,113,302,15
"11_29_0_4","2023-04-30 20:07:15.108",1,4,1,130,302,15
"11_29_0_4","2023-04-30 20:07:15.108",1,4,911,32,302,15
"7_0_0_501","2023-04-30 20:08:43.077",1,8,911,112,301,15
"7_0_0_501","2023-04-30 20:08:43.077",1,8,1,92,301,15
"7_0_0_501","2023-04-30 20:08:43.077",1,8,3,74,301,15
"10_9_0_504","2023-04-30 20:09:21.33",1,1,911,85,304,15
"10_9_0_504","2023-04-30 20:09:21.33",1,1,1,162,304,15
"10_9_0_504","2023-04-30 20:09:21.33",1,1,3,42,304,15
"10_0_0_21","2023-04-30 20:09:41.216",1,4,911,64,316,15
"10_0_0_21","2023-04-30 20:09:41.216",1,4,3,70,316,15
"10_0_0_21","2023-04-30 20:09:41.216",1,4,1,156,316,15
"11_17_0_8","2023-04-30 20:10:26.498",1,8,3,81,303,15
"11_17_0_8","2023-04-30 20:10:26.498",1,8,1,105,303,15
"11_17_0_8","2023-04-30 20:10:26.498",1,8,911,91,303,15
"11_29_0_8","2023-04-30 20:10:30.229",1,14,3,103,354,17
"11_29_0_8","2023-04-30 20:10:30.229",1,14,1,127,354,17
"11_29_0_8","2023-04-30 20:10:30.229",1,14,911,98,354,17
"10_0_0_21","2023-04-30 20:10:49.591",1,9,1,154,305,15
"10_0_0_21","2023-04-30 20:10:49.591",1,9,3,56,305,15
"10_0_0_21","2023-04-30 20:10:49.591",1,9,911,78,305,15
"10_9_0_502","2023-04-30 20:12:22.018",1,1,911,95,308,15
"10_9_0_502","2023-04-30 20:12:22.018",1,1,1,142,308,15
"10_9_0_502","2023-04-30 20:12:22.018",1,1,3,62,308,15
"11_35_0_502","2023-04-30 20:12:29.758",1,7,911,96,334,16
"11_35_0_502","2023-04-30 20:12:29.758",1,7,3,64,334,16
"11_35_0_502","2023-04-30 20:12:29.758",1,7,1,141,334,16
"11_31_0_502","2023-04-30 20:13:54.288",1,6,911,81,342,17
"11_31_0_502","2023-04-30 20:13:54.288",1,6,1,74,342,17
"11_31_0_502","2023-04-30 20:13:54.288",1,6,3,171,342,17
"11_15_0_501","2023-04-30 20:14:27.142",1,2,3,114,302,15
"11_15_0_501","2023-04-30 20:14:27.142",1,2,911,82,302,15
"11_15_0_501","2023-04-30 20:14:27.142",1,2,1,90,302,15
"11_15_0_504","2023-04-30 20:15:35.49",1,11,911,79,324,16
"11_15_0_504","2023-04-30 20:15:35.49",1,11,3,98,324,16
"11_15_0_504","2023-04-30 20:15:35.49",1,11,1,121,324,16
"11_17_0_512","2023-04-30 20:17:08.086",1,20,1,98,303,15
"11_17_0_512","2023-04-30 20:17:08.086",1,20,3,78,303,15
"11_17_0_512","2023-04-30 20:17:08.086",1,20,911,98,303,15
"14_17_0_501","2023-04-30 20:17:15.594",1,2,3,97,312,15
"14_17_0_501","2023-04-30 20:17:15.594",1,2,1,164,312,15
"14_17_0_501","2023-04-30 20:17:15.594",1,2,911,28,312,15
"11_5_0_1","2023-04-30 20:18:32.101",1,1,1,153,309,15
"11_5_0_1","2023-04-30 20:18:32.101",1,1,3,57,309,15
"11_5_0_1","2023-04-30 20:18:32.101",1,1,911,78,309,15
"6_0_0_3","2023-04-30 20:19:23.148",1,12,3,69,344,17
"6_0_0_3","2023-04-30 20:19:23.148",1,12,1,200,344,17
"6_0_0_3","2023-04-30 20:19:23.148",1,12,911,62,344,17
"11_31_0_3","2023-04-30 20:23:59.384",1,11,911,88,321,16
"11_31_0_3","2023-04-30 20:23:59.384",1,11,1,134,321,16
"11_31_0_3","2023-04-30 20:23:59.384",1,11,3,72,321,16
"10_0_0_21","2023-04-30 20:24:24.051",1,5,3,44,301,15
"10_0_0_21","2023-04-30 20:24:24.051",1,5,911,65,301,15
"10_0_0_21","2023-04-30 20:24:24.051",1,5,1,167,301,15
"3_3_0_501","2023-04-30 20:24:26.048",1,4,3,235,324,16
"3_3_0_501","2023-04-30 20:24:26.048",1,4,911,38,324,16
"3_3_0_501","2023-04-30 20:24:26.048",1,4,1,34,324,16
"11_29_0_2","2023-04-30 20:24:45.503",1,21,3,100,306,15
"11_29_0_2","2023-04-30 20:24:45.503",1,21,1,124,306,15
"11_29_0_2","2023-04-30 20:24:45.503",1,21,911,64,306,15
"8_3_0_502","2023-04-30 20:27:21.716",1,1,3,71,315,15
"8_3_0_502","2023-04-30 20:27:21.716",1,1,911,34,315,15
"8_3_0_502","2023-04-30 20:27:21.716",1,1,1,185,315,15
"11_0_0_508","2023-04-30 20:30:21.26",1,3,1,125,319,15
"11_0_0_508","2023-04-30 20:30:21.26",1,3,3,102,319,15
"11_0_0_508","2023-04-30 20:30:21.26",1,3,911,68,319,15
"10_0_0_21","2023-04-30 20:32:43.227",1,10,1,182,380,19
"10_0_0_21","2023-04-30 20:32:43.227",1,10,3,87,380,19
"10_0_0_21","2023-04-30 20:32:43.227",1,10,911,94,380,19
"11_21_0_503","2023-04-30 20:36:53.999",1,1,911,17,341,17
"11_21_0_503","2023-04-30 20:36:53.999",1,1,3,102,341,17
"11_21_0_503","2023-04-30 20:36:53.999",1,1,1,204,341,17
"1_3_0_501","2023-04-30 20:39:00.208",1,2,1,59,356,17
"1_3_0_501","2023-04-30 20:39:00.208",1,2,911,16,356,17
"1_3_0_501","2023-04-30 20:39:00.208",1,2,3,262,356,17
"3_11_0_2","2023-04-30 20:39:37.998",1,7,911,47,347,17
"3_11_0_2","2023-04-30 20:39:37.998",1,7,1,179,347,17
"3_11_0_2","2023-04-30 20:39:37.998",1,7,3,105,347,17
"11_17_0_4","2023-04-30 20:40:55.533",1,6,911,70,322,16
"11_17_0_4","2023-04-30 20:40:55.533",1,6,1,126,322,16
"11_17_0_4","2023-04-30 20:40:55.533",1,6,3,101,322,16
"1_0_0_8","2023-04-30 20:49:43.477",1,1,1,119,343,17
"1_0_0_8","2023-04-30 20:49:43.477",1,1,911,43,343,17
"1_0_0_8","2023-04-30 20:49:43.477",1,1,3,167,343,17
"6_0_0_2","2023-04-30 20:54:50.433",1,14,1,198,308,15
"6_0_0_2","2023-04-30 20:54:50.433",1,14,3,56,308,15
"6_0_0_2","2023-04-30 20:54:50.433",1,14,911,36,308,15
"8_3_0_4","2023-04-30 21:07:13.494",1,11,1,156,333,16
"8_3_0_4","2023-04-30 21:07:13.494",1,11,911,64,333,16
"8_3_0_4","2023-04-30 21:07:13.494",1,11,3,96,333,16
"11_3_0_16","2023-04-30 21:11:56.207",1,1,3,91,301,15
"11_3_0_16","2023-04-30 21:11:56.207",1,1,1,125,301,15
"11_3_0_16","2023-04-30 21:11:56.207",1,1,911,65,301,15
"8_5_0_1","2023-04-30 21:21:05.052",1,3,1,201,323,16
"8_5_0_1","2023-04-30 21:21:05.052",1,3,3,74,323,16
"8_5_0_1","2023-04-30 21:21:05.052",1,3,911,18,323,16
"11_9_0_504","2023-04-30 21:22:24.446",1,10,911,61,333,16
"11_9_0_504","2023-04-30 21:22:24.446",1,10,3,135,333,16
"11_9_0_504","2023-04-30 21:22:24.446",1,10,1,113,333,16
"12_17_0_502","2023-04-30 21:23:35.129",1,1,1,163,311,15
"12_17_0_502","2023-04-30 21:23:35.129",1,1,911,9,311,15
"12_17_0_502","2023-04-30 21:23:35.129",1,1,3,107,311,15
"10_9_0_503","2023-04-30 21:45:50.172",1,2,911,172,306,15
"10_9_0_503","2023-04-30 21:45:50.172",1,2,3,35,306,15
"10_9_0_503","2023-04-30 21:45:50.172",1,2,1,68,306,15
"10_25_0_6","2023-04-30 22:12:05.143",1,2,1,78,334,16
"10_25_0_6","2023-04-30 22:12:05.143",1,2,911,156,334,16
"10_25_0_6","2023-04-30 22:12:05.143",1,2,3,85,334,16
"17_0_0_501","2023-04-30 22:29:38.432",1,2,1,147,313,15
"17_0_0_501","2023-04-30 22:29:38.432",1,2,3,75,313,15
"17_0_0_501","2023-04-30 22:29:38.432",1,2,911,16,313,15
"17_0_0_501","2023-04-30 22:29:49.404",1,1,911,11,305,15
"17_0_0_501","2023-04-30 22:29:49.404",1,1,3,76,305,15
"17_0_0_501","2023-04-30 22:29:49.404",1,1,1,148,305,15
